[0;33m··[0m ===== 第 1/10 轮：录 → 编 → 放（8 步） =====
[0;33m··[0m 预走坐标可复用：S2_COORDS='412 1090|343 1120|302 786|73 201|73 201|373 675|73 201|73 201'
[0;33m··[0m 编译产物：09-23 04:36:07.983 32765 32765 I AnytouchRun: S2SMOKE compiled ok actions=7 drops=0 merged=0 events=18 target=com.android.settings
     09-23 04:35:58.643 32765 32765 W AnytouchRun: S2SMOKE capture note: viewScrolled 无位移证据 pkg=com.android.settings id=com.android.settings:id/recycler_view delta=0x0 pos=0x0 max=0x0（布局重排，不成步）
     09-23 04:36:07.983 32765 32765 I AnytouchRun: S2SMOKE-STEP index=0 type=click value={"text":"Connected devices"}
     09-23 04:36:07.983 32765 32765 I AnytouchRun: S2SMOKE-STEP index=1 type=click value={"text":"Connection preferences"}
     09-23 04:36:07.983 32765 32765 I AnytouchRun: S2SMOKE-STEP index=2 type=click value={"text":"Bluetooth"}
     09-23 04:36:07.985 32765 32765 I AnytouchRun: S2SMOKE-STEP index=3 type=click value={"content_desc":"Navigate up"}
     09-23 04:36:07.985 32765 32765 I AnytouchRun: S2SMOKE-STEP index=4 type=click value={"text":"Pair new device"}
     09-23 04:36:07.988 32765 32765 I AnytouchRun: S2SMOKE-STEP index=5 type=click value={"content_desc":"Navigate up"}
     09-23 04:36:07.988 32765 32765 I AnytouchRun: S2SMOKE-STEP index=6 type=click value={"content_desc":"Navigate up"}
      | 09-23 04:35:39.683 32765 32765 I AnytouchRun: S2SMOKE record start target=com.android.settings
      | 09-23 04:35:42.191 32765 32765 I AnytouchRun: S2SMOKE event-meta viewClicked evt=android.widget.LinearLayout/Connected devices|Bluetooth, pairing/null src=android.widget.LinearLayout/null/null id=null
      | 09-23 04:35:42.209 32765 32765 I AnytouchRun: S2SMOKE clue=path source=android.widget.LinearLayout id=null titles=0 texts=0 descs=0
      | 09-23 04:35:42.395 32765 32765 I AnytouchRun: S2SMOKE clue=event-copy 转场重扫第 1 次落定: word=Connected devices 字段=text
      | 09-23 04:35:42.395 32765 32765 I AnytouchRun: S2SMOKE clue=event-copy(窗口唯一，替代脆 path=[0, 0, 0, 1, 0, 1, 0, 0, 0, 1]): text=Connected devices desc=null
      | 09-23 04:35:42.504 32765 32765 I AnytouchRun: S2SMOKE event-meta viewScrolled evt=androidx.recyclerview.widget.RecyclerView/null/null src=androidx.recyclerview.widget.RecyclerView/null/null id=com.android.settings:id/recycler_view
      | 09-23 04:35:42.506 32765 32765 W AnytouchRun: S2SMOKE capture note: viewScrolled 无位移证据 pkg=com.android.settings id=com.android.settings:id/recycler_view delta=0x0 pos=0x0 max=0x0（布局重排，不成步）
      | 09-23 04:35:45.340 32765 32765 I AnytouchRun: S2SMOKE event-meta viewClicked evt=android.widget.LinearLayout/Connection preferences|Bluetooth, Android Auto/null src=android.widget.LinearLayout/null/null id=null
      | 09-23 04:35:45.472 32765 32765 I AnytouchRun: S2SMOKE event-meta viewScrolled evt=androidx.recyclerview.widget.RecyclerView/null/null src=androidx.recyclerview.widget.RecyclerView/null/null id=com.android.settings:id/recycler_view
      | 09-23 04:35:45.524 32765 32765 W AnytouchRun: S2SMOKE capture note: viewScrolled 无位移证据 pkg=com.android.settings id=com.android.settings:id/recycler_view delta=0x0 pos=0x0 max=0x0（布局重排，不成步）
      | 09-23 04:35:48.520 32765 32765 I AnytouchRun: S2SMOKE event-meta viewClicked evt=android.widget.LinearLayout/Bluetooth/null src=android.widget.LinearLayout/null/null id=null
      | 09-23 04:35:48.647 32765 32765 I AnytouchRun: S2SMOKE content no-match(严档 kids=2/事件拷贝): want=[Bluetooth] 同cls节点=14 roots=1 near=[0] kids=1 texts=([Bluetooth, Use Bluetooth], [Bluetooth, Navigate up]) || [0, 0, 0, 0] kids=1 texts=([Bluetooth], [Bluetooth, Navigate up]) || [0, 0, 0, 1, 0] kids=2 texts=([Device name, Pair new device, Use Bluetooth, When Bluetooth is turned on, your device can communicate with other nearby Bluetooth devices., sdk_gphone64_x86_64], [])
      | 09-23 04:35:48.650 32765 32765 I AnytouchRun: S2SMOKE content no-match(宽档/事件拷贝): want=[Bluetooth] 同cls节点=14 roots=1 near=[0] kids=1 texts=([Bluetooth, Use Bluetooth], [Bluetooth, Navigate up]) || [0, 0, 0, 0] kids=1 texts=([Bluetooth], [Bluetooth, Navigate up]) || [0, 0, 0, 1, 0] kids=2 texts=([Device name, Pair new device, Use Bluetooth, When Bluetooth is turned on, your device can communicate with other nearby Bluetooth devices., sdk_gphone64_x86_64], [])
      | 09-23 04:35:48.665 32765 32765 W AnytouchRun: S2SMOKE path unprovable: src=android.widget.LinearLayout(null,null)kids=2pkg=com.android.settingstext=null evt=android.widget.LinearLayout/[Bluetooth]/null walkDepth=0 roots=android.widget.FrameLayout(2510,null)kids=1pkg=com.android.settingstext=null
      | 09-23 04:35:48.667 32765 32765 I AnytouchRun: S2SMOKE clue=path source=android.widget.LinearLayout id=null titles=0 texts=0 descs=0
      | 09-23 04:35:48.668 32765 32765 I AnytouchRun: S2SMOKE path=chain-unanchored(仅作去抖/折叠键，回放定位走线索): [] id=null text=Bluetooth desc=null
      | 09-23 04:35:48.725 32765 32765 I AnytouchRun: S2SMOKE event-meta viewScrolled evt=androidx.recyclerview.widget.RecyclerView/null/null src=androidx.recyclerview.widget.RecyclerView/null/null id=com.android.settings:id/recycler_view
      | 09-23 04:35:48.786 32765 32765 W AnytouchRun: S2SMOKE capture note: viewScrolled 无位移证据 pkg=com.android.settings id=com.android.settings:id/recycler_view delta=0x0 pos=0x0 max=0x0（布局重排，不成步）
      | 09-23 04:35:51.770 32765 32765 I AnytouchRun: S2SMOKE event-meta viewClicked evt=android.widget.ImageButton/Navigate up/Navigate up src=null/null/null id=null
      | 09-23 04:35:51.801 32765 32765 I AnytouchRun: S2SMOKE content no-match(严档 kids=-1/事件拷贝): want=[Navigate up] 同cls节点=2 roots=2 near=[0, 0, 0, 0, 0, 0, 0] kids=0 texts=([], [Navigate up]) || [0, 0, 0, 0, 0, 0, 0] kids=0 texts=([], [Navigate up])
      | 09-23 04:35:51.803 32765 32765 I AnytouchRun: S2SMOKE content no-match(宽档/事件拷贝): want=[Navigate up] 同cls节点=2 roots=2 near=[0, 0, 0, 0, 0, 0, 0] kids=0 texts=([], [Navigate up]) || [0, 0, 0, 0, 0, 0, 0] kids=0 texts=([], [Navigate up])
      | 09-23 04:35:51.815 32765 32765 W AnytouchRun: S2SMOKE path unprovable: src=null evt=android.widget.ImageButton/[Navigate up]/Navigate up walkDepth=-1 roots=android.widget.FrameLayout(2509,null)kids=1pkg=com.android.settingstext=null | android.widget.FrameLayout(2509,null)kids=1pkg=com.android.settingstext=null
      | 09-23 04:35:51.816 32765 32765 I AnytouchRun: S2SMOKE clue=event-copy 弃用(窗口内 text 命中=0 desc 命中=2，皆需唯一): word=Navigate up
      | 09-23 04:35:51.816 32765 32765 W AnytouchRun: S2SMOKE capture skipped: viewClicked 无 source 句柄且事件无可用线索 pkg=com.android.settings
      | 09-23 04:35:54.970 32765 32765 I AnytouchRun: S2SMOKE event-meta viewClicked evt=android.widget.ImageButton/Navigate up/Navigate up src=android.widget.ImageButton/null/Navigate up id=null
      | 09-23 04:35:55.051 32765 32765 I AnytouchRun: S2SMOKE path by unique content(严档/句柄子树): [0, 0, 0, 0, 0, 0, 0] 窗口节点=40 cls=android.widget.ImageButton texts=[]
      | 09-23 04:35:58.410 32765 32765 I AnytouchRun: S2SMOKE event-meta viewClicked evt=android.widget.LinearLayout/Pair new device/null src=android.widget.LinearLayout/null/null id=null
      | 09-23 04:35:58.515 32765 32765 I AnytouchRun: S2SMOKE content no-match(严档 kids=2/句柄子树): want=[Pair new device] 同cls节点=10 roots=1 near=[0] kids=1 texts=([Pair new device], [Navigate up, Pair new device]) || [0, 0, 0, 0] kids=1 texts=([Pair new device], [Navigate up, Pair new device]) || [0, 0, 0, 1, 0] kids=1 texts=([Available devices, Device name, Phone's Bluetooth address: BB:BB:BB:00:00:01, sdk_gphone64_x86_64], [])
      | 09-23 04:35:58.524 32765 32765 I AnytouchRun: S2SMOKE content no-match(宽档/句柄子树): want=[Pair new device] 同cls节点=10 roots=1 near=[0] kids=1 texts=([Pair new device], [Navigate up, Pair new device]) || [0, 0, 0, 0] kids=1 texts=([Pair new device], [Navigate up, Pair new device]) || [0, 0, 0, 1, 0] kids=1 texts=([Available devices, Device name, Phone's Bluetooth address: BB:BB:BB:00:00:01, sdk_gphone64_x86_64], [])
      | 09-23 04:35:58.532 32765 32765 I AnytouchRun: S2SMOKE content no-match(严档 kids=2/事件拷贝): want=[Pair new device] 同cls节点=10 roots=1 near=[0] kids=1 texts=([Pair new device], [Navigate up, Pair new device]) || [0, 0, 0, 0] kids=1 texts=([Pair new device], [Navigate up, Pair new device]) || [0, 0, 0, 1, 0] kids=1 texts=([Available devices, Device name, Phone's Bluetooth address: BB:BB:BB:00:00:01, sdk_gphone64_x86_64], [])
      | 09-23 04:35:58.544 32765 32765 I AnytouchRun: S2SMOKE content no-match(宽档/事件拷贝): want=[Pair new device] 同cls节点=10 roots=1 near=[0] kids=1 texts=([Pair new device], [Navigate up, Pair new device]) || [0, 0, 0, 0] kids=1 texts=([Pair new device], [Navigate up, Pair new device]) || [0, 0, 0, 1, 0] kids=1 texts=([Available devices, Device name, Phone's Bluetooth address: BB:BB:BB:00:00:01, sdk_gphone64_x86_64], [])
      | 09-23 04:35:58.568 32765 32765 W AnytouchRun: S2SMOKE path unprovable: src=android.widget.LinearLayout(null,null)kids=2pkg=com.android.settingstext=null evt=android.widget.LinearLayout/[Pair new device]/null walkDepth=10 roots=android.widget.FrameLayout(2511,null)kids=1pkg=com.android.settingstext=null
      | 09-23 04:35:58.612 32765 32765 I AnytouchRun: S2SMOKE path=chain-unanchored(仅作去抖/折叠键，回放定位走线索): [0, 0, 0, 1, 0, 0, 0, 0, 0, 1] id=null text=Pair new device desc=null
      | 09-23 04:35:58.637 32765 32765 I AnytouchRun: S2SMOKE event-meta viewScrolled evt=androidx.recyclerview.widget.RecyclerView/null/null src=androidx.recyclerview.widget.RecyclerView/null/null id=com.android.settings:id/recycler_view
      | 09-23 04:35:58.643 32765 32765 W AnytouchRun: S2SMOKE capture note: viewScrolled 无位移证据 pkg=com.android.settings id=com.android.settings:id/recycler_view delta=0x0 pos=0x0 max=0x0（布局重排，不成步）
      | 09-23 04:36:01.723 32765 32765 I AnytouchRun: S2SMOKE event-meta viewClicked evt=android.widget.ImageButton/Navigate up/Navigate up src=null/null/null id=null
      | 09-23 04:36:01.775 32765 32765 I AnytouchRun: S2SMOKE content no-match(严档 kids=-1/事件拷贝): want=[Navigate up] 同cls节点=1 roots=1 near=[0, 0, 0, 0, 0, 0, 0] kids=0 texts=([], [Navigate up])
      | 09-23 04:36:01.780 32765 32765 I AnytouchRun: S2SMOKE content no-match(宽档/事件拷贝): want=[Navigate up] 同cls节点=1 roots=1 near=[0, 0, 0, 0, 0, 0, 0] kids=0 texts=([], [Navigate up])
      | 09-23 04:36:01.794 32765 32765 W AnytouchRun: S2SMOKE path unprovable: src=null evt=android.widget.ImageButton/[Navigate up]/Navigate up walkDepth=-1 roots=android.widget.FrameLayout(2508,null)kids=1pkg=com.android.settingstext=null
      | 09-23 04:36:05.248 32765 32765 I AnytouchRun: S2SMOKE event-meta viewClicked evt=android.widget.ImageButton/Navigate up/Navigate up src=android.widget.ImageButton/null/Navigate up id=null
      | 09-23 04:36:05.645 32765 32765 I AnytouchRun: S2SMOKE content no-match(严档 kids=0/句柄子树): want=[] 同cls节点=2 roots=2 near=[0, 0, 0, 0, 0, 0, 2, 0, 0, 0] kids=0 texts=([], []) || [0, 0, 0, 0, 0, 0, 2, 0, 0, 0] kids=0 texts=([], [])
      | 09-23 04:36:05.651 32765 32765 I AnytouchRun: S2SMOKE content no-match(宽档/句柄子树): want=[] 同cls节点=2 roots=2 near=[0, 0, 0, 0, 0, 0, 2, 0, 0, 0] kids=0 texts=([], []) || [0, 0, 0, 0, 0, 0, 2, 0, 0, 0] kids=0 texts=([], [])
      | 09-23 04:36:05.656 32765 32765 I AnytouchRun: S2SMOKE content no-match(严档 kids=0/事件拷贝): want=[Navigate up] 同cls节点=2 roots=2 near=[0, 0, 0, 0, 0, 0, 2, 0, 0, 0] kids=0 texts=([], []) || [0, 0, 0, 0, 0, 0, 2, 0, 0, 0] kids=0 texts=([], [])
      | 09-23 04:36:05.662 32765 32765 I AnytouchRun: S2SMOKE content no-match(宽档/事件拷贝): want=[Navigate up] 同cls节点=2 roots=2 near=[0, 0, 0, 0, 0, 0, 2, 0, 0, 0] kids=0 texts=([], []) || [0, 0, 0, 0, 0, 0, 2, 0, 0, 0] kids=0 texts=([], [])
      | 09-23 04:36:05.666 32765 32765 W AnytouchRun: S2SMOKE path unprovable: src=android.widget.ImageButton(null,null)kids=0pkg=com.android.settingstext=null evt=android.widget.ImageButton/[Navigate up]/Navigate up walkDepth=0 roots=android.widget.FrameLayout(2507,null)kids=2pkg=com.android.settingstext=null | android.widget.FrameLayout(2507,null)kids=2pkg=com.android.settingstext=null
      | 09-23 04:36:05.670 32765 32765 I AnytouchRun: S2SMOKE path=chain-unanchored(仅作去抖/折叠键，回放定位走线索): [] id=null text=null desc=Navigate up
      | 09-23 04:36:07.983 32765 32765 I AnytouchRun: S2SMOKE compiled ok actions=7 drops=0 merged=0 events=18 target=com.android.settings
      | 09-23 04:36:07.983 32765 32765 I AnytouchRun: S2SMOKE-STEP index=0 type=click value={"text":"Connected devices"}
      | 09-23 04:36:07.983 32765 32765 I AnytouchRun: S2SMOKE-STEP index=1 type=click value={"text":"Connection preferences"}
      | 09-23 04:36:07.983 32765 32765 I AnytouchRun: S2SMOKE-STEP index=2 type=click value={"text":"Bluetooth"}
      | 09-23 04:36:07.985 32765 32765 I AnytouchRun: S2SMOKE-STEP index=3 type=click value={"content_desc":"Navigate up"}
      | 09-23 04:36:07.985 32765 32765 I AnytouchRun: S2SMOKE-STEP index=4 type=click value={"text":"Pair new device"}
      | 09-23 04:36:07.988 32765 32765 I AnytouchRun: S2SMOKE-STEP index=5 type=click value={"content_desc":"Navigate up"}
      | 09-23 04:36:07.988 32765 32765 I AnytouchRun: S2SMOKE-STEP index=6 type=click value={"content_desc":"Navigate up"}
      | 09-23 04:36:07.988 32765 32765 I AnytouchRun: S2SMOKE-TASK [{"action_id":"rec-0002","type":"click","target":null,"value":{"text":"Connected devices"},"source":"node","safety":{"viewport_ok":true,"click_enabled":true,"requires_transition":false}},{"action_id":"rec-0004","type":"click","target":null,"value":{"text":"Connection preferences"},"source":"node","safety":{"viewport_ok":true,"click_enabled":true,"requires_transition":false}},{"action_id":"rec-0006","type":"click","target":null,"value":{"text":"Bluetooth"},"source":"node","safety":{"viewport_ok":true,"click_enabled":true,"requires_transition":false}},{"action_id":"rec-0009","type":"click","target":null,"value":{"content_desc":"Navigate up"},"source":"node","safety":{"viewport_ok":true,"click_enabled":true,"requires_transition":false}},{"action_id":"rec-0011","type":"click","target":null,"value":{"text":"Pair new device"},"source":"node","safety":{"viewport_ok":true,"click_enabled":true,"requires_transition":false}},{"action_id":"rec-0013","type":"click","target":null,"value":{"content_desc":"Navigate up"},"source":"node","safety":{"viewport_ok":true,"click_enabled":true,"requires_transition":false}},{"action_id":"rec-0015","type":"click","target":null,"value":{"content_desc":"Navigate up"},"source":"node","safety":{"viewport_ok":true,"click_enabled":true,"requires_transition":false}}]
[0;31mFAIL[0m R1 录到 7 步 ≠ 人工 8 步
     09-23 04:36:05.666 32765 32765 W AnytouchRun: S2SMOKE path unprovable: src=android.widget.ImageButton(null,null)kids=0pkg=com.android.settingstext=null evt=android.widget.ImageButton/[Navigate up]/Navigate up walkDepth=0 roots=android.widget.FrameLayout(2507,null)kids=2pkg=com.android.settingstext=null | android.widget.FrameLayout(2507,null)kids=2pkg=com.android.settingstext=null
     09-23 04:36:07.983 32765 32765 I AnytouchRun: S2SMOKE-STEP index=0 type=click value={"text":"Connected devices"}
     09-23 04:36:07.983 32765 32765 I AnytouchRun: S2SMOKE-STEP index=1 type=click value={"text":"Connection preferences"}
     09-23 04:36:07.983 32765 32765 I AnytouchRun: S2SMOKE-STEP index=2 type=click value={"text":"Bluetooth"}
     09-23 04:36:07.985 32765 32765 I AnytouchRun: S2SMOKE-STEP index=3 type=click value={"content_desc":"Navigate up"}
     09-23 04:36:07.985 32765 32765 I AnytouchRun: S2SMOKE-STEP index=4 type=click value={"text":"Pair new device"}
     09-23 04:36:07.988 32765 32765 I AnytouchRun: S2SMOKE-STEP index=5 type=click value={"content_desc":"Navigate up"}
     09-23 04:36:07.988 32765 32765 I AnytouchRun: S2SMOKE-STEP index=6 type=click value={"content_desc":"Navigate up"}
[0;31mFAIL[0m R1 回放未达 [ok=7 total=7 stopped=false] :: [09-23 04:36:36.982 32765 32765 I AnytouchRun: S1SMOKE ok=4 total=5 stopped=true stop="NODE_NOT_FOUND"]
     09-23 04:36:36.982 32765 32765 I AnytouchRun: S1SMOKE-DETAIL code=NODE_NOT_FOUND msg=L1 NOT_ATTEMPTED 请求未给出 resource-id | L2 NO_MATCH text='Pair new device'/desc='null' trim 全等零命中（非 contains） | L3 NOT_ATTEMPTED 请求未给出层级路径
[0;33m··[0m ===== 第 2/10 轮：录 → 编 → 放（8 步） =====
[0;33m··[0m 预走坐标可复用：S2_COORDS='412 1090|343 1120|302 786|73 201|73 201|373 675|73 201|73 201'
[0;33m··[0m 编译产物：09-23 04:38:02.950 32765 32765 I AnytouchRun: S2SMOKE compiled ok actions=7 drops=0 merged=0 events=19 target=com.android.settings
     09-23 04:37:53.557 32765 32765 W AnytouchRun: S2SMOKE capture note: viewScrolled 无位移证据 pkg=com.android.settings id=com.android.settings:id/recycler_view delta=0x0 pos=0x0 max=0x0（布局重排，不成步）
     09-23 04:38:02.951 32765 32765 I AnytouchRun: S2SMOKE-STEP index=0 type=click value={"text":"Connected devices"}
     09-23 04:38:02.955 32765 32765 I AnytouchRun: S2SMOKE-STEP index=1 type=click value={"text":"Connection preferences"}
     09-23 04:38:02.956 32765 32765 I AnytouchRun: S2SMOKE-STEP index=2 type=click value={"text":"Bluetooth"}
     09-23 04:38:02.956 32765 32765 I AnytouchRun: S2SMOKE-STEP index=3 type=click value={"content_desc":"Navigate up"}
     09-23 04:38:02.956 32765 32765 I AnytouchRun: S2SMOKE-STEP index=4 type=click value={"text":"Pair new device"}
     09-23 04:38:02.956 32765 32765 I AnytouchRun: S2SMOKE-STEP index=5 type=click value={"content_desc":"Navigate up"}
     09-23 04:38:02.956 32765 32765 I AnytouchRun: S2SMOKE-STEP index=6 type=click value={"content_desc":"Navigate up"}
      | 09-23 04:37:35.870 32765 32765 I AnytouchRun: S2SMOKE record start target=com.android.settings
      | 09-23 04:37:37.302 32765 32765 I AnytouchRun: S2SMOKE event-meta viewClicked evt=android.widget.LinearLayout/Connected devices|Bluetooth, pairing/null src=android.widget.LinearLayout/null/null id=null
      | 09-23 04:37:37.604 32765 32765 I AnytouchRun: S2SMOKE event-meta viewScrolled evt=androidx.recyclerview.widget.RecyclerView/null/null src=androidx.recyclerview.widget.RecyclerView/null/null id=com.android.settings:id/recycler_view
      | 09-23 04:37:37.701 32765 32765 W AnytouchRun: S2SMOKE capture note: viewScrolled 无位移证据 pkg=com.android.settings id=com.android.settings:id/recycler_view delta=0x0 pos=0x0 max=0x0（布局重排，不成步）
      | 09-23 04:37:40.469 32765 32765 I AnytouchRun: S2SMOKE event-meta viewClicked evt=android.widget.LinearLayout/Connection preferences|Bluetooth, Android Auto/null src=android.widget.LinearLayout/null/null id=null
      | 09-23 04:37:40.650 32765 32765 I AnytouchRun: S2SMOKE content no-match(严档 kids=1/句柄子树): want=[Bluetooth, Android Auto, Connection preferences] 同cls节点=17 roots=1 near=[0] kids=1 texts=([Connection preferences], [Connection preferences, Navigate up]) || [0, 0, 0, 0] kids=1 texts=([Connection preferences], [Connection preferences, Navigate up]) || [0, 0, 0, 1, 0] kids=1 texts=([Bluetooth, Cast, Not connected, Off, Printing], [])
      | 09-23 04:37:40.654 32765 32765 I AnytouchRun: S2SMOKE content no-match(宽档/句柄子树): want=[Bluetooth, Android Auto, Connection preferences] 同cls节点=17 roots=1 near=[0] kids=1 texts=([Connection preferences], [Connection preferences, Navigate up]) || [0, 0, 0, 0] kids=1 texts=([Connection preferences], [Connection preferences, Navigate up]) || [0, 0, 0, 1, 0] kids=1 texts=([Bluetooth, Cast, Not connected, Off, Printing], [])
      | 09-23 04:37:40.707 32765 32765 I AnytouchRun: S2SMOKE content no-match(严档 kids=1/事件拷贝): want=[Bluetooth, Android Auto, Connection preferences] 同cls节点=17 roots=1 near=[0] kids=1 texts=([Connection preferences], [Connection preferences, Navigate up]) || [0, 0, 0, 0] kids=1 texts=([Connection preferences], [Connection preferences, Navigate up]) || [0, 0, 0, 1, 0] kids=1 texts=([Bluetooth, Cast, Not connected, Off, Printing], [])
      | 09-23 04:37:40.714 32765 32765 I AnytouchRun: S2SMOKE content no-match(宽档/事件拷贝): want=[Bluetooth, Android Auto, Connection preferences] 同cls节点=17 roots=1 near=[0] kids=1 texts=([Connection preferences], [Connection preferences, Navigate up]) || [0, 0, 0, 0] kids=1 texts=([Connection preferences], [Connection preferences, Navigate up]) || [0, 0, 0, 1, 0] kids=1 texts=([Bluetooth, Cast, Not connected, Off, Printing], [])
      | 09-23 04:37:40.718 32765 32765 W AnytouchRun: S2SMOKE path unprovable: src=android.widget.LinearLayout(null,null)kids=1pkg=com.android.settingstext=null evt=android.widget.LinearLayout/[Connection preferences, Bluetooth, Android Auto]/null walkDepth=10 roots=android.widget.FrameLayout(2537,null)kids=1pkg=com.android.settingstext=null
      | 09-23 04:37:40.732 32765 32765 I AnytouchRun: S2SMOKE path=chain-unanchored(仅作去抖/折叠键，回放定位走线索): [0, 0, 0, 1, 0, 0, 0, 0, 0, 4] id=null text=Connection preferences desc=null
      | 09-23 04:37:40.762 32765 32765 I AnytouchRun: S2SMOKE event-meta viewScrolled evt=androidx.recyclerview.widget.RecyclerView/null/null src=androidx.recyclerview.widget.RecyclerView/null/null id=com.android.settings:id/recycler_view
      | 09-23 04:37:40.768 32765 32765 W AnytouchRun: S2SMOKE capture note: viewScrolled 无位移证据 pkg=com.android.settings id=com.android.settings:id/recycler_view delta=0x0 pos=0x0 max=0x0（布局重排，不成步）
      | 09-23 04:37:43.581 32765 32765 I AnytouchRun: S2SMOKE event-meta viewClicked evt=android.widget.LinearLayout/Bluetooth/null src=android.widget.LinearLayout/null/null id=null
      | 09-23 04:37:43.636 32765 32765 I AnytouchRun: S2SMOKE content no-match(严档 kids=2/事件拷贝): want=[Bluetooth] 同cls节点=14 roots=1 near=[0] kids=1 texts=([Bluetooth, Use Bluetooth], [Bluetooth, Navigate up]) || [0, 0, 0, 0] kids=1 texts=([Bluetooth], [Bluetooth, Navigate up]) || [0, 0, 0, 1, 0] kids=2 texts=([Device name, Pair new device, Use Bluetooth, When Bluetooth is turned on, your device can communicate with other nearby Bluetooth devices., sdk_gphone64_x86_64], [])
      | 09-23 04:37:43.639 32765 32765 I AnytouchRun: S2SMOKE content no-match(宽档/事件拷贝): want=[Bluetooth] 同cls节点=14 roots=1 near=[0] kids=1 texts=([Bluetooth, Use Bluetooth], [Bluetooth, Navigate up]) || [0, 0, 0, 0] kids=1 texts=([Bluetooth], [Bluetooth, Navigate up]) || [0, 0, 0, 1, 0] kids=2 texts=([Device name, Pair new device, Use Bluetooth, When Bluetooth is turned on, your device can communicate with other nearby Bluetooth devices., sdk_gphone64_x86_64], [])
      | 09-23 04:37:43.648 32765 32765 W AnytouchRun: S2SMOKE path unprovable: src=android.widget.LinearLayout(null,null)kids=2pkg=com.android.settingstext=null evt=android.widget.LinearLayout/[Bluetooth]/null walkDepth=0 roots=android.widget.FrameLayout(null,null)kids=1pkg=com.android.settingstext=null
      | 09-23 04:37:43.654 32765 32765 I AnytouchRun: S2SMOKE clue=path source=android.widget.LinearLayout id=null titles=0 texts=0 descs=0
      | 09-23 04:37:43.658 32765 32765 I AnytouchRun: S2SMOKE path=chain-unanchored(仅作去抖/折叠键，回放定位走线索): [] id=null text=Bluetooth desc=null
      | 09-23 04:37:43.728 32765 32765 I AnytouchRun: S2SMOKE event-meta viewScrolled evt=androidx.recyclerview.widget.RecyclerView/null/null src=androidx.recyclerview.widget.RecyclerView/null/null id=com.android.settings:id/recycler_view
      | 09-23 04:37:43.805 32765 32765 W AnytouchRun: S2SMOKE capture note: viewScrolled 无位移证据 pkg=com.android.settings id=com.android.settings:id/recycler_view delta=0x0 pos=0x0 max=0x0（布局重排，不成步）
      | 09-23 04:37:46.741 32765 32765 I AnytouchRun: S2SMOKE event-meta viewClicked evt=android.widget.ImageButton/Navigate up/Navigate up src=null/null/null id=null
      | 09-23 04:37:46.780 32765 32765 I AnytouchRun: S2SMOKE content no-match(严档 kids=-1/事件拷贝): want=[Navigate up] 同cls节点=2 roots=2 near=[0, 0, 0, 0, 0, 0, 0] kids=0 texts=([], [Navigate up]) || [0, 0, 0, 0, 0, 0, 0] kids=0 texts=([], [Navigate up])
      | 09-23 04:37:46.782 32765 32765 I AnytouchRun: S2SMOKE content no-match(宽档/事件拷贝): want=[Navigate up] 同cls节点=2 roots=2 near=[0, 0, 0, 0, 0, 0, 0] kids=0 texts=([], [Navigate up]) || [0, 0, 0, 0, 0, 0, 0] kids=0 texts=([], [Navigate up])
      | 09-23 04:37:46.784 32765 32765 W AnytouchRun: S2SMOKE path unprovable: src=null evt=android.widget.ImageButton/[Navigate up]/Navigate up walkDepth=-1 roots=android.widget.FrameLayout(2537,null)kids=1pkg=com.android.settingstext=null | android.widget.FrameLayout(2537,null)kids=1pkg=com.android.settingstext=null
      | 09-23 04:37:46.787 32765 32765 I AnytouchRun: S2SMOKE clue=event-copy 弃用(窗口内 text 命中=0 desc 命中=2，皆需唯一): word=Navigate up
      | 09-23 04:37:46.788 32765 32765 W AnytouchRun: S2SMOKE capture skipped: viewClicked 无 source 句柄且事件无可用线索 pkg=com.android.settings
      | 09-23 04:37:50.070 32765 32765 I AnytouchRun: S2SMOKE event-meta viewClicked evt=android.widget.ImageButton/Navigate up/Navigate up src=android.widget.ImageButton/null/Navigate up id=null
      | 09-23 04:37:50.251 32765 32765 I AnytouchRun: S2SMOKE path by unique content(严档/句柄子树): [0, 0, 0, 0, 0, 0, 0] 窗口节点=40 cls=android.widget.ImageButton texts=[]
      | 09-23 04:37:53.387 32765 32765 I AnytouchRun: S2SMOKE event-meta viewClicked evt=android.widget.LinearLayout/Pair new device/null src=android.widget.LinearLayout/null/null id=null
      | 09-23 04:37:53.448 32765 32765 I AnytouchRun: S2SMOKE content no-match(严档 kids=2/句柄子树): want=[Pair new device] 同cls节点=10 roots=1 near=[0] kids=1 texts=([Pair new device], [Navigate up, Pair new device]) || [0, 0, 0, 0] kids=1 texts=([Pair new device], [Navigate up, Pair new device]) || [0, 0, 0, 1, 0] kids=1 texts=([Available devices, Device name, Phone's Bluetooth address: BB:BB:BB:00:00:01, sdk_gphone64_x86_64], [])
      | 09-23 04:37:53.453 32765 32765 I AnytouchRun: S2SMOKE content no-match(宽档/句柄子树): want=[Pair new device] 同cls节点=10 roots=1 near=[0] kids=1 texts=([Pair new device], [Navigate up, Pair new device]) || [0, 0, 0, 0] kids=1 texts=([Pair new device], [Navigate up, Pair new device]) || [0, 0, 0, 1, 0] kids=1 texts=([Available devices, Device name, Phone's Bluetooth address: BB:BB:BB:00:00:01, sdk_gphone64_x86_64], [])
      | 09-23 04:37:53.458 32765 32765 I AnytouchRun: S2SMOKE content no-match(严档 kids=2/事件拷贝): want=[Pair new device] 同cls节点=10 roots=1 near=[0] kids=1 texts=([Pair new device], [Navigate up, Pair new device]) || [0, 0, 0, 0] kids=1 texts=([Pair new device], [Navigate up, Pair new device]) || [0, 0, 0, 1, 0] kids=1 texts=([Available devices, Device name, Phone's Bluetooth address: BB:BB:BB:00:00:01, sdk_gphone64_x86_64], [])
      | 09-23 04:37:53.463 32765 32765 I AnytouchRun: S2SMOKE content no-match(宽档/事件拷贝): want=[Pair new device] 同cls节点=10 roots=1 near=[0] kids=1 texts=([Pair new device], [Navigate up, Pair new device]) || [0, 0, 0, 0] kids=1 texts=([Pair new device], [Navigate up, Pair new device]) || [0, 0, 0, 1, 0] kids=1 texts=([Available devices, Device name, Phone's Bluetooth address: BB:BB:BB:00:00:01, sdk_gphone64_x86_64], [])
      | 09-23 04:37:53.465 32765 32765 W AnytouchRun: S2SMOKE path unprovable: src=android.widget.LinearLayout(null,null)kids=2pkg=com.android.settingstext=null evt=android.widget.LinearLayout/[Pair new device]/null walkDepth=10 roots=android.widget.FrameLayout(null,null)kids=1pkg=com.android.settingstext=null
      | 09-23 04:37:53.475 32765 32765 I AnytouchRun: S2SMOKE path=chain-unanchored(仅作去抖/折叠键，回放定位走线索): [0, 0, 0, 1, 0, 0, 0, 0, 0, 1] id=null text=Pair new device desc=null
      | 09-23 04:37:53.526 32765 32765 I AnytouchRun: S2SMOKE event-meta viewScrolled evt=androidx.recyclerview.widget.RecyclerView/null/null src=androidx.recyclerview.widget.RecyclerView/null/null id=com.android.settings:id/recycler_view
      | 09-23 04:37:53.557 32765 32765 W AnytouchRun: S2SMOKE capture note: viewScrolled 无位移证据 pkg=com.android.settings id=com.android.settings:id/recycler_view delta=0x0 pos=0x0 max=0x0（布局重排，不成步）
      | 09-23 04:37:56.820 32765 32765 I AnytouchRun: S2SMOKE event-meta viewClicked evt=android.widget.ImageButton/Navigate up/Navigate up src=android.widget.ImageButton/null/Navigate up id=null
      | 09-23 04:37:56.854 32765 32765 I AnytouchRun: S2SMOKE path by unique content(严档/句柄子树): [0, 0, 0, 0, 0, 0, 0] 窗口节点=40 cls=android.widget.ImageButton texts=[]
      | 09-23 04:38:00.218 32765 32765 I AnytouchRun: S2SMOKE event-meta viewClicked evt=android.widget.ImageButton/Navigate up/Navigate up src=null/null/null id=null
      | 09-23 04:38:00.552 32765 32765 I AnytouchRun: S2SMOKE content no-match(严档 kids=-1/事件拷贝): want=[Navigate up] 同cls节点=2 roots=2 near=[0, 0, 0, 0, 0, 0, 2, 0, 0, 0] kids=0 texts=([], []) || [0, 0, 0, 0, 0, 0, 2, 0, 0, 0] kids=0 texts=([], [])
      | 09-23 04:38:00.555 32765 32765 I AnytouchRun: S2SMOKE content no-match(宽档/事件拷贝): want=[Navigate up] 同cls节点=2 roots=2 near=[0, 0, 0, 0, 0, 0, 2, 0, 0, 0] kids=0 texts=([], []) || [0, 0, 0, 0, 0, 0, 2, 0, 0, 0] kids=0 texts=([], [])
      | 09-23 04:38:00.556 32765 32765 W AnytouchRun: S2SMOKE path unprovable: src=null evt=android.widget.ImageButton/[Navigate up]/Navigate up walkDepth=-1 roots=android.widget.FrameLayout(2535,null)kids=2pkg=com.android.settingstext=null | android.widget.FrameLayout(2535,null)kids=2pkg=com.android.settingstext=null
      | 09-23 04:38:00.817 32765 32765 I AnytouchRun: S2SMOKE clue=event-desc(转场后活树无证据，事件 desc 字段直读): word=Navigate up
      | 09-23 04:38:02.950 32765 32765 I AnytouchRun: S2SMOKE compiled ok actions=7 drops=0 merged=0 events=19 target=com.android.settings
      | 09-23 04:38:02.951 32765 32765 I AnytouchRun: S2SMOKE-STEP index=0 type=click value={"text":"Connected devices"}
      | 09-23 04:38:02.955 32765 32765 I AnytouchRun: S2SMOKE-STEP index=1 type=click value={"text":"Connection preferences"}
      | 09-23 04:38:02.956 32765 32765 I AnytouchRun: S2SMOKE-STEP index=2 type=click value={"text":"Bluetooth"}
      | 09-23 04:38:02.956 32765 32765 I AnytouchRun: S2SMOKE-STEP index=3 type=click value={"content_desc":"Navigate up"}
      | 09-23 04:38:02.956 32765 32765 I AnytouchRun: S2SMOKE-STEP index=4 type=click value={"text":"Pair new device"}
      | 09-23 04:38:02.956 32765 32765 I AnytouchRun: S2SMOKE-STEP index=5 type=click value={"content_desc":"Navigate up"}
      | 09-23 04:38:02.956 32765 32765 I AnytouchRun: S2SMOKE-STEP index=6 type=click value={"content_desc":"Navigate up"}
      | 09-23 04:38:02.958 32765 32765 I AnytouchRun: S2SMOKE-TASK [{"action_id":"rec-0003","type":"click","target":null,"value":{"text":"Connected devices"},"source":"node","safety":{"viewport_ok":true,"click_enabled":true,"requires_transition":false}},{"action_id":"rec-0005","type":"click","target":null,"value":{"text":"Connection preferences"},"source":"node","safety":{"viewport_ok":true,"click_enabled":true,"requires_transition":false}},{"action_id":"rec-0007","type":"click","target":null,"value":{"text":"Bluetooth"},"source":"node","safety":{"viewport_ok":true,"click_enabled":true,"requires_transition":false}},{"action_id":"rec-0010","type":"click","target":null,"value":{"content_desc":"Navigate up"},"source":"node","safety":{"viewport_ok":true,"click_enabled":true,"requires_transition":false}},{"action_id":"rec-0012","type":"click","target":null,"value":{"text":"Pair new device"},"source":"node","safety":{"viewport_ok":true,"click_enabled":true,"requires_transition":false}},{"action_id":"rec-0014","type":"click","target":null,"value":{"content_desc":"Navigate up"},"source":"node","safety":{"viewport_ok":true,"click_enabled":true,"requires_transition":false}},{"action_id":"rec-0016","type":"click","target":null,"value":{"content_desc":"Navigate up"},"source":"node","safety":{"viewport_ok":true,"click_enabled":true,"requires_transition":false}}]
[0;31mFAIL[0m R2 录到 7 步 ≠ 人工 8 步
     09-23 04:38:00.817 32765 32765 I AnytouchRun: S2SMOKE clue=event-desc(转场后活树无证据，事件 desc 字段直读): word=Navigate up
     09-23 04:38:02.951 32765 32765 I AnytouchRun: S2SMOKE-STEP index=0 type=click value={"text":"Connected devices"}
     09-23 04:38:02.955 32765 32765 I AnytouchRun: S2SMOKE-STEP index=1 type=click value={"text":"Connection preferences"}
     09-23 04:38:02.956 32765 32765 I AnytouchRun: S2SMOKE-STEP index=2 type=click value={"text":"Bluetooth"}
     09-23 04:38:02.956 32765 32765 I AnytouchRun: S2SMOKE-STEP index=3 type=click value={"content_desc":"Navigate up"}
     09-23 04:38:02.956 32765 32765 I AnytouchRun: S2SMOKE-STEP index=4 type=click value={"text":"Pair new device"}
     09-23 04:38:02.956 32765 32765 I AnytouchRun: S2SMOKE-STEP index=5 type=click value={"content_desc":"Navigate up"}
     09-23 04:38:02.956 32765 32765 I AnytouchRun: S2SMOKE-STEP index=6 type=click value={"content_desc":"Navigate up"}
[0;31mFAIL[0m R2 回放未达 [ok=7 total=7 stopped=false] :: [09-23 04:38:31.874 32765 32765 I AnytouchRun: S1SMOKE ok=4 total=5 stopped=true stop="NODE_NOT_FOUND"]
     09-23 04:38:31.874 32765 32765 I AnytouchRun: S1SMOKE-DETAIL code=NODE_NOT_FOUND msg=L1 NOT_ATTEMPTED 请求未给出 resource-id | L2 NO_MATCH text='Pair new device'/desc='null' trim 全等零命中（非 contains） | L3 NOT_ATTEMPTED 请求未给出层级路径
[0;33m··[0m ===== 第 3/10 轮：录 → 编 → 放（8 步） =====
[0;33m··[0m 预走坐标可复用：S2_COORDS='412 1090|343 1120|302 786|73 201|73 201|373 675|73 201|73 201'
[0;33m··[0m 编译产物：09-23 04:40:01.623 32765 32765 I AnytouchRun: S2SMOKE compiled ok actions=8 drops=0 merged=0 events=19 target=com.android.settings
     09-23 04:40:01.623 32765 32765 I AnytouchRun: S2SMOKE-STEP index=0 type=click value={"text":"Connected devices"}
     09-23 04:40:01.623 32765 32765 I AnytouchRun: S2SMOKE-STEP index=1 type=click value={"text":"Connection preferences"}
     09-23 04:40:01.623 32765 32765 I AnytouchRun: S2SMOKE-STEP index=2 type=click value={"text":"Bluetooth"}
     09-23 04:40:01.623 32765 32765 I AnytouchRun: S2SMOKE-STEP index=3 type=click value={"content_desc":"Navigate up"}
     09-23 04:40:01.623 32765 32765 I AnytouchRun: S2SMOKE-STEP index=4 type=click value={"content_desc":"Navigate up"}
     09-23 04:40:01.623 32765 32765 I AnytouchRun: S2SMOKE-STEP index=5 type=click value={"text":"Pair new device"}
     09-23 04:40:01.623 32765 32765 I AnytouchRun: S2SMOKE-STEP index=6 type=click value={"content_desc":"Navigate up"}
     09-23 04:40:01.624 32765 32765 I AnytouchRun: S2SMOKE-STEP index=7 type=click value={"content_desc":"Navigate up"}
      | 09-23 04:39:32.519 32765 32765 I AnytouchRun: S2SMOKE record start target=com.android.settings
      | 09-23 04:39:35.558 32765 32765 I AnytouchRun: S2SMOKE event-meta viewClicked evt=android.widget.LinearLayout/Connected devices|Bluetooth, pairing/null src=android.widget.LinearLayout/null/null id=null
      | 09-23 04:39:35.950 32765 32765 I AnytouchRun: S2SMOKE event-meta viewScrolled evt=androidx.recyclerview.widget.RecyclerView/null/null src=androidx.recyclerview.widget.RecyclerView/null/null id=com.android.settings:id/recycler_view
      | 09-23 04:39:35.952 32765 32765 W AnytouchRun: S2SMOKE capture note: viewScrolled 无位移证据 pkg=com.android.settings id=com.android.settings:id/recycler_view delta=0x0 pos=0x0 max=0x0（布局重排，不成步）
      | 09-23 04:39:38.604 32765 32765 I AnytouchRun: S2SMOKE event-meta viewClicked evt=android.widget.LinearLayout/Connection preferences|Bluetooth, Android Auto/null src=android.widget.LinearLayout/null/null id=null
      | 09-23 04:39:38.847 32765 32765 I AnytouchRun: S2SMOKE event-meta viewScrolled evt=androidx.recyclerview.widget.RecyclerView/null/null src=androidx.recyclerview.widget.RecyclerView/null/null id=com.android.settings:id/recycler_view
      | 09-23 04:39:38.946 32765 32765 W AnytouchRun: S2SMOKE capture note: viewScrolled 无位移证据 pkg=com.android.settings id=com.android.settings:id/recycler_view delta=0x0 pos=0x0 max=0x0（布局重排，不成步）
      | 09-23 04:39:41.897 32765 32765 I AnytouchRun: S2SMOKE event-meta viewClicked evt=android.widget.LinearLayout/Bluetooth/null src=android.widget.LinearLayout/null/null id=null
      | 09-23 04:39:41.994 32765 32765 I AnytouchRun: S2SMOKE content no-match(严档 kids=2/事件拷贝): want=[Bluetooth] 同cls节点=14 roots=1 near=[0] kids=1 texts=([Bluetooth, Use Bluetooth], [Bluetooth, Navigate up]) || [0, 0, 0, 0] kids=1 texts=([Bluetooth], [Bluetooth, Navigate up]) || [0, 0, 0, 1, 0] kids=2 texts=([Device name, Pair new device, Use Bluetooth, When Bluetooth is turned on, your device can communicate with other nearby Bluetooth devices., sdk_gphone64_x86_64], [])
      | 09-23 04:39:41.999 32765 32765 I AnytouchRun: S2SMOKE content no-match(宽档/事件拷贝): want=[Bluetooth] 同cls节点=14 roots=1 near=[0] kids=1 texts=([Bluetooth, Use Bluetooth], [Bluetooth, Navigate up]) || [0, 0, 0, 0] kids=1 texts=([Bluetooth], [Bluetooth, Navigate up]) || [0, 0, 0, 1, 0] kids=2 texts=([Device name, Pair new device, Use Bluetooth, When Bluetooth is turned on, your device can communicate with other nearby Bluetooth devices., sdk_gphone64_x86_64], [])
      | 09-23 04:39:42.002 32765 32765 W AnytouchRun: S2SMOKE path unprovable: src=android.widget.LinearLayout(null,null)kids=2pkg=com.android.settingstext=null evt=android.widget.LinearLayout/[Bluetooth]/null walkDepth=0 roots=android.widget.FrameLayout(null,null)kids=1pkg=com.android.settingstext=null
      | 09-23 04:39:42.004 32765 32765 I AnytouchRun: S2SMOKE clue=path source=android.widget.LinearLayout id=null titles=0 texts=0 descs=0
      | 09-23 04:39:42.010 32765 32765 I AnytouchRun: S2SMOKE path=chain-unanchored(仅作去抖/折叠键，回放定位走线索): [] id=null text=Bluetooth desc=null
      | 09-23 04:39:42.053 32765 32765 I AnytouchRun: S2SMOKE event-meta viewScrolled evt=androidx.recyclerview.widget.RecyclerView/null/null src=androidx.recyclerview.widget.RecyclerView/null/null id=com.android.settings:id/recycler_view
      | 09-23 04:39:42.071 32765 32765 W AnytouchRun: S2SMOKE capture note: viewScrolled 无位移证据 pkg=com.android.settings id=com.android.settings:id/recycler_view delta=0x0 pos=0x0 max=0x0（布局重排，不成步）
      | 09-23 04:39:45.071 32765 32765 I AnytouchRun: S2SMOKE event-meta viewClicked evt=android.widget.ImageButton/Navigate up/Navigate up src=null/null/null id=null
      | 09-23 04:39:45.155 32765 32765 I AnytouchRun: S2SMOKE content no-match(严档 kids=-1/事件拷贝): want=[Navigate up] 同cls节点=1 roots=1 near=[0, 0, 0, 0, 0, 0, 0] kids=0 texts=([], [Navigate up])
      | 09-23 04:39:45.163 32765 32765 I AnytouchRun: S2SMOKE content no-match(宽档/事件拷贝): want=[Navigate up] 同cls节点=1 roots=1 near=[0, 0, 0, 0, 0, 0, 0] kids=0 texts=([], [Navigate up])
      | 09-23 04:39:45.167 32765 32765 W AnytouchRun: S2SMOKE path unprovable: src=null evt=android.widget.ImageButton/[Navigate up]/Navigate up walkDepth=-1 roots=android.widget.FrameLayout(2565,null)kids=1pkg=com.android.settingstext=null
      | 09-23 04:39:48.421 32765 32765 I AnytouchRun: S2SMOKE event-meta viewClicked evt=android.widget.ImageButton/Navigate up/Navigate up src=null/null/null id=null
      | 09-23 04:39:48.434 32765 32765 I AnytouchRun: S2SMOKE content no-match(严档 kids=-1/事件拷贝): want=[Navigate up] 同cls节点=1 roots=1 near=[0, 0, 0, 0, 0, 0, 0] kids=0 texts=([], [Navigate up])
      | 09-23 04:39:48.435 32765 32765 I AnytouchRun: S2SMOKE content no-match(宽档/事件拷贝): want=[Navigate up] 同cls节点=1 roots=1 near=[0, 0, 0, 0, 0, 0, 0] kids=0 texts=([], [Navigate up])
      | 09-23 04:39:48.486 32765 32765 W AnytouchRun: S2SMOKE path unprovable: src=null evt=android.widget.ImageButton/[Navigate up]/Navigate up walkDepth=-1 roots=android.widget.FrameLayout(2564,null)kids=1pkg=com.android.settingstext=null
      | 09-23 04:39:51.903 32765 32765 I AnytouchRun: S2SMOKE event-meta viewClicked evt=android.widget.LinearLayout/Pair new device/null src=android.widget.LinearLayout/null/null id=null
      | 09-23 04:39:51.954 32765 32765 I AnytouchRun: S2SMOKE content no-match(严档 kids=2/句柄子树): want=[Pair new device] 同cls节点=10 roots=1 near=[0] kids=1 texts=([Pair new device], [Navigate up, Pair new device]) || [0, 0, 0, 0] kids=1 texts=([Pair new device], [Navigate up, Pair new device]) || [0, 0, 0, 1, 0] kids=1 texts=([Available devices, Device name, Phone's Bluetooth address: BB:BB:BB:00:00:01, sdk_gphone64_x86_64], [])
      | 09-23 04:39:51.958 32765 32765 I AnytouchRun: S2SMOKE content no-match(宽档/句柄子树): want=[Pair new device] 同cls节点=10 roots=1 near=[0] kids=1 texts=([Pair new device], [Navigate up, Pair new device]) || [0, 0, 0, 0] kids=1 texts=([Pair new device], [Navigate up, Pair new device]) || [0, 0, 0, 1, 0] kids=1 texts=([Available devices, Device name, Phone's Bluetooth address: BB:BB:BB:00:00:01, sdk_gphone64_x86_64], [])
      | 09-23 04:39:51.962 32765 32765 I AnytouchRun: S2SMOKE content no-match(严档 kids=2/事件拷贝): want=[Pair new device] 同cls节点=10 roots=1 near=[0] kids=1 texts=([Pair new device], [Navigate up, Pair new device]) || [0, 0, 0, 0] kids=1 texts=([Pair new device], [Navigate up, Pair new device]) || [0, 0, 0, 1, 0] kids=1 texts=([Available devices, Device name, Phone's Bluetooth address: BB:BB:BB:00:00:01, sdk_gphone64_x86_64], [])
      | 09-23 04:39:51.965 32765 32765 I AnytouchRun: S2SMOKE content no-match(宽档/事件拷贝): want=[Pair new device] 同cls节点=10 roots=1 near=[0] kids=1 texts=([Pair new device], [Navigate up, Pair new device]) || [0, 0, 0, 0] kids=1 texts=([Pair new device], [Navigate up, Pair new device]) || [0, 0, 0, 1, 0] kids=1 texts=([Available devices, Device name, Phone's Bluetooth address: BB:BB:BB:00:00:01, sdk_gphone64_x86_64], [])
      | 09-23 04:39:51.968 32765 32765 W AnytouchRun: S2SMOKE path unprovable: src=android.widget.LinearLayout(null,null)kids=2pkg=com.android.settingstext=null evt=android.widget.LinearLayout/[Pair new device]/null walkDepth=10 roots=android.widget.FrameLayout(null,null)kids=1pkg=com.android.settingstext=null
      | 09-23 04:39:52.018 32765 32765 I AnytouchRun: S2SMOKE path=chain-unanchored(仅作去抖/折叠键，回放定位走线索): [0, 0, 0, 1, 0, 0, 0, 0, 0, 1] id=null text=Pair new device desc=null
      | 09-23 04:39:52.110 32765 32765 I AnytouchRun: S2SMOKE event-meta viewScrolled evt=androidx.recyclerview.widget.RecyclerView/null/null src=androidx.recyclerview.widget.RecyclerView/null/null id=com.android.settings:id/recycler_view
      | 09-23 04:39:52.120 32765 32765 W AnytouchRun: S2SMOKE capture note: viewScrolled 无位移证据 pkg=com.android.settings id=com.android.settings:id/recycler_view delta=0x0 pos=0x0 max=0x0（布局重排，不成步）
      | 09-23 04:39:55.432 32765 32765 I AnytouchRun: S2SMOKE event-meta viewClicked evt=android.widget.ImageButton/Navigate up/Navigate up src=android.widget.ImageButton/null/Navigate up id=null
      | 09-23 04:39:55.560 32765 32765 I AnytouchRun: S2SMOKE path by unique content(严档/句柄子树): [0, 0, 0, 0, 0, 0, 0] 窗口节点=40 cls=android.widget.ImageButton texts=[]
      | 09-23 04:39:58.955 32765 32765 I AnytouchRun: S2SMOKE event-meta viewClicked evt=android.widget.ImageButton/Navigate up/Navigate up src=android.widget.ImageButton/null/Navigate up id=null
      | 09-23 04:39:59.426 32765 32765 I AnytouchRun: S2SMOKE content no-match(严档 kids=0/句柄子树): want=[] 同cls节点=2 roots=2 near=[0, 0, 0, 0, 0, 0, 2, 0, 0, 0] kids=0 texts=([], []) || [0, 0, 0, 0, 0, 0, 2, 0, 0, 0] kids=0 texts=([], [])
      | 09-23 04:39:59.431 32765 32765 I AnytouchRun: S2SMOKE content no-match(宽档/句柄子树): want=[] 同cls节点=2 roots=2 near=[0, 0, 0, 0, 0, 0, 2, 0, 0, 0] kids=0 texts=([], []) || [0, 0, 0, 0, 0, 0, 2, 0, 0, 0] kids=0 texts=([], [])
      | 09-23 04:39:59.435 32765 32765 I AnytouchRun: S2SMOKE content no-match(严档 kids=0/事件拷贝): want=[Navigate up] 同cls节点=2 roots=2 near=[0, 0, 0, 0, 0, 0, 2, 0, 0, 0] kids=0 texts=([], []) || [0, 0, 0, 0, 0, 0, 2, 0, 0, 0] kids=0 texts=([], [])
      | 09-23 04:39:59.440 32765 32765 I AnytouchRun: S2SMOKE content no-match(宽档/事件拷贝): want=[Navigate up] 同cls节点=2 roots=2 near=[0, 0, 0, 0, 0, 0, 2, 0, 0, 0] kids=0 texts=([], []) || [0, 0, 0, 0, 0, 0, 2, 0, 0, 0] kids=0 texts=([], [])
      | 09-23 04:39:59.441 32765 32765 W AnytouchRun: S2SMOKE path unprovable: src=android.widget.ImageButton(null,null)kids=0pkg=com.android.settingstext=null evt=android.widget.ImageButton/[Navigate up]/Navigate up walkDepth=7 roots=android.widget.FrameLayout(2563,null)kids=2pkg=com.android.settingstext=null | android.widget.FrameLayout(2563,null)kids=2pkg=com.android.settingstext=null
      | 09-23 04:39:59.448 32765 32765 I AnytouchRun: S2SMOKE path=chain-unanchored(仅作去抖/折叠键，回放定位走线索): [0, 0, 0, 0, 0, 0, 0] id=null text=null desc=Navigate up
      | 09-23 04:40:01.623 32765 32765 I AnytouchRun: S2SMOKE compiled ok actions=8 drops=0 merged=0 events=19 target=com.android.settings
      | 09-23 04:40:01.623 32765 32765 I AnytouchRun: S2SMOKE-STEP index=0 type=click value={"text":"Connected devices"}
      | 09-23 04:40:01.623 32765 32765 I AnytouchRun: S2SMOKE-STEP index=1 type=click value={"text":"Connection preferences"}
      | 09-23 04:40:01.623 32765 32765 I AnytouchRun: S2SMOKE-STEP index=2 type=click value={"text":"Bluetooth"}
      | 09-23 04:40:01.623 32765 32765 I AnytouchRun: S2SMOKE-STEP index=3 type=click value={"content_desc":"Navigate up"}
      | 09-23 04:40:01.623 32765 32765 I AnytouchRun: S2SMOKE-STEP index=4 type=click value={"content_desc":"Navigate up"}
      | 09-23 04:40:01.623 32765 32765 I AnytouchRun: S2SMOKE-STEP index=5 type=click value={"text":"Pair new device"}
      | 09-23 04:40:01.623 32765 32765 I AnytouchRun: S2SMOKE-STEP index=6 type=click value={"content_desc":"Navigate up"}
      | 09-23 04:40:01.624 32765 32765 I AnytouchRun: S2SMOKE-STEP index=7 type=click value={"content_desc":"Navigate up"}
      | 09-23 04:40:01.624 32765 32765 I AnytouchRun: S2SMOKE-TASK [{"action_id":"rec-0002","type":"click","target":null,"value":{"text":"Connected devices"},"source":"node","safety":{"viewport_ok":true,"click_enabled":true,"requires_transition":false}},{"action_id":"rec-0004","type":"click","target":null,"value":{"text":"Connection preferences"},"source":"node","safety":{"viewport_ok":true,"click_enabled":true,"requires_transition":false}},{"action_id":"rec-0006","type":"click","target":null,"value":{"text":"Bluetooth"},"source":"node","safety":{"viewport_ok":true,"click_enabled":true,"requires_transition":false}},{"action_id":"rec-0008","type":"click","target":null,"value":{"content_desc":"Navigate up"},"source":"node","safety":{"viewport_ok":true,"click_enabled":true,"requires_transition":false}},{"action_id":"rec-0010","type":"click","target":null,"value":{"content_desc":"Navigate up"},"source":"node","safety":{"viewport_ok":true,"click_enabled":true,"requires_transition":false}},{"action_id":"rec-0012","type":"click","target":null,"value":{"text":"Pair new device"},"source":"node","safety":{"viewport_ok":true,"click_enabled":true,"requires_transition":false}},{"action_id":"rec-0014","type":"click","target":null,"value":{"content_desc":"Navigate up"},"source":"node","safety":{"viewport_ok":true,"click_enabled":true,"requires_transition":false}},{"action_id":"rec-0016","type":"click","target":null,"value":{"content_desc":"Navigate up"},"source":"node","safety":{"viewport_ok":true,"click_enabled":true,"requires_transition":false}}]
[0;32mPASS[0m R3 录→编→放全绿 :: 09-23 04:40:18.163 32765 32765 I AnytouchRun: S1SMOKE ok=8 total=8 stopped=false stop=-
[0;33m··[0m ===== 第 4/10 轮：录 → 编 → 放（8 步） =====
[0;33m··[0m 预走坐标可复用：S2_COORDS='412 1090|343 1120|302 786|73 201|73 201|373 675|73 201|73 201'
[0;33m··[0m 编译产物：09-23 04:41:47.683 32765 32765 I AnytouchRun: S2SMOKE compiled ok actions=8 drops=0 merged=0 events=19 target=com.android.settings
     09-23 04:41:47.684 32765 32765 I AnytouchRun: S2SMOKE-STEP index=0 type=click value={"text":"Connected devices"}
     09-23 04:41:47.685 32765 32765 I AnytouchRun: S2SMOKE-STEP index=1 type=click value={"text":"Connection preferences"}
     09-23 04:41:47.696 32765 32765 I AnytouchRun: S2SMOKE-STEP index=2 type=click value={"text":"Bluetooth"}
     09-23 04:41:47.699 32765 32765 I AnytouchRun: S2SMOKE-STEP index=3 type=click value={"content_desc":"Navigate up"}
     09-23 04:41:47.700 32765 32765 I AnytouchRun: S2SMOKE-STEP index=4 type=click value={"content_desc":"Navigate up"}
     09-23 04:41:47.701 32765 32765 I AnytouchRun: S2SMOKE-STEP index=5 type=click value={"text":"Pair new device"}
     09-23 04:41:47.701 32765 32765 I AnytouchRun: S2SMOKE-STEP index=6 type=click value={"content_desc":"Navigate up"}
     09-23 04:41:47.701 32765 32765 I AnytouchRun: S2SMOKE-STEP index=7 type=click value={"content_desc":"Navigate up"}
      | 09-23 04:41:18.989 32765 32765 I AnytouchRun: S2SMOKE record start target=com.android.settings
      | 09-23 04:41:21.822 32765 32765 I AnytouchRun: S2SMOKE event-meta viewClicked evt=android.widget.LinearLayout/Connected devices|Bluetooth, pairing/null src=android.widget.LinearLayout/null/null id=null
      | 09-23 04:41:22.177 32765 32765 I AnytouchRun: S2SMOKE event-meta viewScrolled evt=androidx.recyclerview.widget.RecyclerView/null/null src=androidx.recyclerview.widget.RecyclerView/null/null id=com.android.settings:id/recycler_view
      | 09-23 04:41:22.178 32765 32765 W AnytouchRun: S2SMOKE capture note: viewScrolled 无位移证据 pkg=com.android.settings id=com.android.settings:id/recycler_view delta=0x0 pos=0x0 max=0x0（布局重排，不成步）
      | 09-23 04:41:24.920 32765 32765 I AnytouchRun: S2SMOKE event-meta viewClicked evt=android.widget.LinearLayout/Connection preferences|Bluetooth, Android Auto/null src=android.widget.LinearLayout/null/null id=null
      | 09-23 04:41:25.086 32765 32765 I AnytouchRun: S2SMOKE event-meta viewScrolled evt=androidx.recyclerview.widget.RecyclerView/null/null src=androidx.recyclerview.widget.RecyclerView/null/null id=com.android.settings:id/recycler_view
      | 09-23 04:41:25.096 32765 32765 W AnytouchRun: S2SMOKE capture note: viewScrolled 无位移证据 pkg=com.android.settings id=com.android.settings:id/recycler_view delta=0x0 pos=0x0 max=0x0（布局重排，不成步）
      | 09-23 04:41:27.938 32765 32765 I AnytouchRun: S2SMOKE event-meta viewClicked evt=android.widget.LinearLayout/Bluetooth/null src=android.widget.LinearLayout/null/null id=null
      | 09-23 04:41:28.026 32765 32765 I AnytouchRun: S2SMOKE content no-match(严档 kids=2/句柄子树): want=[Bluetooth] 同cls节点=14 roots=1 near=[0] kids=1 texts=([Bluetooth, Use Bluetooth], [Bluetooth, Navigate up]) || [0, 0, 0, 0] kids=1 texts=([Bluetooth], [Bluetooth, Navigate up]) || [0, 0, 0, 1, 0] kids=2 texts=([Device name, Pair new device, Use Bluetooth, When Bluetooth is turned on, your device can communicate with other nearby Bluetooth devices., sdk_gphone64_x86_64], [])
      | 09-23 04:41:28.060 32765 32765 I AnytouchRun: S2SMOKE content no-match(宽档/句柄子树): want=[Bluetooth] 同cls节点=14 roots=1 near=[0] kids=1 texts=([Bluetooth, Use Bluetooth], [Bluetooth, Navigate up]) || [0, 0, 0, 0] kids=1 texts=([Bluetooth], [Bluetooth, Navigate up]) || [0, 0, 0, 1, 0] kids=2 texts=([Device name, Pair new device, Use Bluetooth, When Bluetooth is turned on, your device can communicate with other nearby Bluetooth devices., sdk_gphone64_x86_64], [])
      | 09-23 04:41:28.071 32765 32765 I AnytouchRun: S2SMOKE content no-match(严档 kids=2/事件拷贝): want=[Bluetooth] 同cls节点=14 roots=1 near=[0] kids=1 texts=([Bluetooth, Use Bluetooth], [Bluetooth, Navigate up]) || [0, 0, 0, 0] kids=1 texts=([Bluetooth], [Bluetooth, Navigate up]) || [0, 0, 0, 1, 0] kids=2 texts=([Device name, Pair new device, Use Bluetooth, When Bluetooth is turned on, your device can communicate with other nearby Bluetooth devices., sdk_gphone64_x86_64], [])
      | 09-23 04:41:28.078 32765 32765 I AnytouchRun: S2SMOKE content no-match(宽档/事件拷贝): want=[Bluetooth] 同cls节点=14 roots=1 near=[0] kids=1 texts=([Bluetooth, Use Bluetooth], [Bluetooth, Navigate up]) || [0, 0, 0, 0] kids=1 texts=([Bluetooth], [Bluetooth, Navigate up]) || [0, 0, 0, 1, 0] kids=2 texts=([Device name, Pair new device, Use Bluetooth, When Bluetooth is turned on, your device can communicate with other nearby Bluetooth devices., sdk_gphone64_x86_64], [])
      | 09-23 04:41:28.081 32765 32765 W AnytouchRun: S2SMOKE path unprovable: src=android.widget.LinearLayout(null,null)kids=2pkg=com.android.settingstext=null evt=android.widget.LinearLayout/[Bluetooth]/null walkDepth=10 roots=android.widget.FrameLayout(null,null)kids=1pkg=com.android.settingstext=null
      | 09-23 04:41:28.095 32765 32765 I AnytouchRun: S2SMOKE path=chain-unanchored(仅作去抖/折叠键，回放定位走线索): [0, 0, 0, 1, 0, 0, 0, 0, 0, 0] id=null text=Bluetooth desc=null
      | 09-23 04:41:28.108 32765 32765 I AnytouchRun: S2SMOKE event-meta viewScrolled evt=androidx.recyclerview.widget.RecyclerView/null/null src=androidx.recyclerview.widget.RecyclerView/null/null id=com.android.settings:id/recycler_view
      | 09-23 04:41:28.119 32765 32765 W AnytouchRun: S2SMOKE capture note: viewScrolled 无位移证据 pkg=com.android.settings id=com.android.settings:id/recycler_view delta=0x0 pos=0x0 max=0x0（布局重排，不成步）
      | 09-23 04:41:31.290 32765 32765 I AnytouchRun: S2SMOKE event-meta viewClicked evt=android.widget.ImageButton/Navigate up/Navigate up src=android.widget.ImageButton/null/Navigate up id=null
      | 09-23 04:41:31.469 32765 32765 I AnytouchRun: S2SMOKE path by unique content(严档/句柄子树): [0, 0, 0, 0, 0, 0, 0] 窗口节点=52 cls=android.widget.ImageButton texts=[]
      | 09-23 04:41:34.526 32765 32765 I AnytouchRun: S2SMOKE event-meta viewClicked evt=android.widget.ImageButton/Navigate up/Navigate up src=null/null/null id=null
      | 09-23 04:41:34.578 32765 32765 I AnytouchRun: S2SMOKE content no-match(严档 kids=-1/事件拷贝): want=[Navigate up] 同cls节点=1 roots=1 near=[0, 0, 0, 0, 0, 0, 0] kids=0 texts=([], [Navigate up])
      | 09-23 04:41:34.579 32765 32765 I AnytouchRun: S2SMOKE content no-match(宽档/事件拷贝): want=[Navigate up] 同cls节点=1 roots=1 near=[0, 0, 0, 0, 0, 0, 0] kids=0 texts=([], [Navigate up])
      | 09-23 04:41:34.584 32765 32765 W AnytouchRun: S2SMOKE path unprovable: src=null evt=android.widget.ImageButton/[Navigate up]/Navigate up walkDepth=-1 roots=android.widget.FrameLayout(2593,null)kids=1pkg=com.android.settingstext=null
      | 09-23 04:41:37.941 32765 32765 I AnytouchRun: S2SMOKE event-meta viewClicked evt=android.widget.LinearLayout/Pair new device/null src=android.widget.LinearLayout/null/null id=null
      | 09-23 04:41:38.042 32765 32765 I AnytouchRun: S2SMOKE content no-match(严档 kids=2/句柄子树): want=[Pair new device] 同cls节点=10 roots=1 near=[0] kids=1 texts=([Pair new device], [Navigate up, Pair new device]) || [0, 0, 0, 0] kids=1 texts=([Pair new device], [Navigate up, Pair new device]) || [0, 0, 0, 1, 0] kids=1 texts=([Available devices, Device name, Phone's Bluetooth address: BB:BB:BB:00:00:01, sdk_gphone64_x86_64], [])
      | 09-23 04:41:38.051 32765 32765 I AnytouchRun: S2SMOKE content no-match(宽档/句柄子树): want=[Pair new device] 同cls节点=10 roots=1 near=[0] kids=1 texts=([Pair new device], [Navigate up, Pair new device]) || [0, 0, 0, 0] kids=1 texts=([Pair new device], [Navigate up, Pair new device]) || [0, 0, 0, 1, 0] kids=1 texts=([Available devices, Device name, Phone's Bluetooth address: BB:BB:BB:00:00:01, sdk_gphone64_x86_64], [])
      | 09-23 04:41:38.054 32765 32765 I AnytouchRun: S2SMOKE content no-match(严档 kids=2/事件拷贝): want=[Pair new device] 同cls节点=10 roots=1 near=[0] kids=1 texts=([Pair new device], [Navigate up, Pair new device]) || [0, 0, 0, 0] kids=1 texts=([Pair new device], [Navigate up, Pair new device]) || [0, 0, 0, 1, 0] kids=1 texts=([Available devices, Device name, Phone's Bluetooth address: BB:BB:BB:00:00:01, sdk_gphone64_x86_64], [])
      | 09-23 04:41:38.057 32765 32765 I AnytouchRun: S2SMOKE content no-match(宽档/事件拷贝): want=[Pair new device] 同cls节点=10 roots=1 near=[0] kids=1 texts=([Pair new device], [Navigate up, Pair new device]) || [0, 0, 0, 0] kids=1 texts=([Pair new device], [Navigate up, Pair new device]) || [0, 0, 0, 1, 0] kids=1 texts=([Available devices, Device name, Phone's Bluetooth address: BB:BB:BB:00:00:01, sdk_gphone64_x86_64], [])
      | 09-23 04:41:38.058 32765 32765 W AnytouchRun: S2SMOKE path unprovable: src=android.widget.LinearLayout(null,null)kids=2pkg=com.android.settingstext=null evt=android.widget.LinearLayout/[Pair new device]/null walkDepth=10 roots=android.widget.FrameLayout(null,null)kids=1pkg=com.android.settingstext=null
      | 09-23 04:41:38.071 32765 32765 I AnytouchRun: S2SMOKE path=chain-unanchored(仅作去抖/折叠键，回放定位走线索): [0, 0, 0, 1, 0, 0, 0, 0, 0, 1] id=null text=Pair new device desc=null
      | 09-23 04:41:38.189 32765 32765 I AnytouchRun: S2SMOKE event-meta viewScrolled evt=androidx.recyclerview.widget.RecyclerView/null/null src=androidx.recyclerview.widget.RecyclerView/null/null id=com.android.settings:id/recycler_view
      | 09-23 04:41:38.295 32765 32765 W AnytouchRun: S2SMOKE capture note: viewScrolled 无位移证据 pkg=com.android.settings id=com.android.settings:id/recycler_view delta=0x0 pos=0x0 max=0x0（布局重排，不成步）
      | 09-23 04:41:41.491 32765 32765 I AnytouchRun: S2SMOKE event-meta viewClicked evt=android.widget.ImageButton/Navigate up/Navigate up src=android.widget.ImageButton/null/Navigate up id=null
      | 09-23 04:41:41.597 32765 32765 I AnytouchRun: S2SMOKE path by unique content(严档/句柄子树): [0, 0, 0, 0, 0, 0, 0] 窗口节点=40 cls=android.widget.ImageButton texts=[]
      | 09-23 04:41:44.904 32765 32765 I AnytouchRun: S2SMOKE event-meta viewClicked evt=android.widget.ImageButton/Navigate up/Navigate up src=android.widget.ImageButton/null/Navigate up id=null
      | 09-23 04:41:45.478 32765 32765 I AnytouchRun: S2SMOKE content no-match(严档 kids=0/句柄子树): want=[] 同cls节点=2 roots=2 near=[0, 0, 0, 0, 0, 0, 2, 0, 0, 0] kids=0 texts=([], []) || [0, 0, 0, 0, 0, 0, 2, 0, 0, 0] kids=0 texts=([], [])
      | 09-23 04:41:45.484 32765 32765 I AnytouchRun: S2SMOKE content no-match(宽档/句柄子树): want=[] 同cls节点=2 roots=2 near=[0, 0, 0, 0, 0, 0, 2, 0, 0, 0] kids=0 texts=([], []) || [0, 0, 0, 0, 0, 0, 2, 0, 0, 0] kids=0 texts=([], [])
      | 09-23 04:41:45.488 32765 32765 I AnytouchRun: S2SMOKE content no-match(严档 kids=0/事件拷贝): want=[Navigate up] 同cls节点=2 roots=2 near=[0, 0, 0, 0, 0, 0, 2, 0, 0, 0] kids=0 texts=([], []) || [0, 0, 0, 0, 0, 0, 2, 0, 0, 0] kids=0 texts=([], [])
      | 09-23 04:41:45.492 32765 32765 I AnytouchRun: S2SMOKE content no-match(宽档/事件拷贝): want=[Navigate up] 同cls节点=2 roots=2 near=[0, 0, 0, 0, 0, 0, 2, 0, 0, 0] kids=0 texts=([], []) || [0, 0, 0, 0, 0, 0, 2, 0, 0, 0] kids=0 texts=([], [])
      | 09-23 04:41:45.497 32765 32765 W AnytouchRun: S2SMOKE path unprovable: src=android.widget.ImageButton(null,null)kids=0pkg=com.android.settingstext=null evt=android.widget.ImageButton/[Navigate up]/Navigate up walkDepth=7 roots=android.widget.FrameLayout(2592,null)kids=2pkg=com.android.settingstext=null | android.widget.FrameLayout(2592,null)kids=2pkg=com.android.settingstext=null
      | 09-23 04:41:45.504 32765 32765 I AnytouchRun: S2SMOKE path=chain-unanchored(仅作去抖/折叠键，回放定位走线索): [0, 0, 0, 0, 0, 0, 0] id=null text=null desc=Navigate up
      | 09-23 04:41:47.683 32765 32765 I AnytouchRun: S2SMOKE compiled ok actions=8 drops=0 merged=0 events=19 target=com.android.settings
      | 09-23 04:41:47.684 32765 32765 I AnytouchRun: S2SMOKE-STEP index=0 type=click value={"text":"Connected devices"}
      | 09-23 04:41:47.685 32765 32765 I AnytouchRun: S2SMOKE-STEP index=1 type=click value={"text":"Connection preferences"}
      | 09-23 04:41:47.696 32765 32765 I AnytouchRun: S2SMOKE-STEP index=2 type=click value={"text":"Bluetooth"}
      | 09-23 04:41:47.699 32765 32765 I AnytouchRun: S2SMOKE-STEP index=3 type=click value={"content_desc":"Navigate up"}
      | 09-23 04:41:47.700 32765 32765 I AnytouchRun: S2SMOKE-STEP index=4 type=click value={"content_desc":"Navigate up"}
      | 09-23 04:41:47.701 32765 32765 I AnytouchRun: S2SMOKE-STEP index=5 type=click value={"text":"Pair new device"}
      | 09-23 04:41:47.701 32765 32765 I AnytouchRun: S2SMOKE-STEP index=6 type=click value={"content_desc":"Navigate up"}
      | 09-23 04:41:47.701 32765 32765 I AnytouchRun: S2SMOKE-STEP index=7 type=click value={"content_desc":"Navigate up"}
      | 09-23 04:41:47.702 32765 32765 I AnytouchRun: S2SMOKE-TASK [{"action_id":"rec-0002","type":"click","target":null,"value":{"text":"Connected devices"},"source":"node","safety":{"viewport_ok":true,"click_enabled":true,"requires_transition":false}},{"action_id":"rec-0004","type":"click","target":null,"value":{"text":"Connection preferences"},"source":"node","safety":{"viewport_ok":true,"click_enabled":true,"requires_transition":false}},{"action_id":"rec-0006","type":"click","target":null,"value":{"text":"Bluetooth"},"source":"node","safety":{"viewport_ok":true,"click_enabled":true,"requires_transition":false}},{"action_id":"rec-0008","type":"click","target":null,"value":{"content_desc":"Navigate up"},"source":"node","safety":{"viewport_ok":true,"click_enabled":true,"requires_transition":false}},{"action_id":"rec-0010","type":"click","target":null,"value":{"content_desc":"Navigate up"},"source":"node","safety":{"viewport_ok":true,"click_enabled":true,"requires_transition":false}},{"action_id":"rec-0012","type":"click","target":null,"value":{"text":"Pair new device"},"source":"node","safety":{"viewport_ok":true,"click_enabled":true,"requires_transition":false}},{"action_id":"rec-0014","type":"click","target":null,"value":{"content_desc":"Navigate up"},"source":"node","safety":{"viewport_ok":true,"click_enabled":true,"requires_transition":false}},{"action_id":"rec-0016","type":"click","target":null,"value":{"content_desc":"Navigate up"},"source":"node","safety":{"viewport_ok":true,"click_enabled":true,"requires_transition":false}}]
[0;32mPASS[0m R4 录→编→放全绿 :: 09-23 04:42:03.639 32765 32765 I AnytouchRun: S1SMOKE ok=8 total=8 stopped=false stop=-
[0;33m··[0m ===== 第 5/10 轮：录 → 编 → 放（8 步） =====
[0;33m··[0m 预走坐标可复用：S2_COORDS='412 1090|343 1120|302 786|73 201|73 201|373 675|73 201|73 201'
[0;33m··[0m 编译产物：09-23 04:43:32.147 32765 32765 I AnytouchRun: S2SMOKE compiled ok actions=8 drops=0 merged=0 events=20 target=com.android.settings
     09-23 04:43:32.147 32765 32765 I AnytouchRun: S2SMOKE-STEP index=0 type=click value={"text":"Connected devices"}
     09-23 04:43:32.147 32765 32765 I AnytouchRun: S2SMOKE-STEP index=1 type=click value={"text":"Connection preferences"}
     09-23 04:43:32.147 32765 32765 I AnytouchRun: S2SMOKE-STEP index=2 type=click value={"text":"Bluetooth"}
     09-23 04:43:32.147 32765 32765 I AnytouchRun: S2SMOKE-STEP index=3 type=click value={"content_desc":"Navigate up"}
     09-23 04:43:32.149 32765 32765 I AnytouchRun: S2SMOKE-STEP index=4 type=click value={"content_desc":"Navigate up"}
     09-23 04:43:32.150 32765 32765 I AnytouchRun: S2SMOKE-STEP index=5 type=click value={"text":"Pair new device"}
     09-23 04:43:32.152 32765 32765 I AnytouchRun: S2SMOKE-STEP index=6 type=click value={"content_desc":"Navigate up"}
     09-23 04:43:32.153 32765 32765 I AnytouchRun: S2SMOKE-STEP index=7 type=click value={"content_desc":"Navigate up"}
      | 09-23 04:43:03.621 32765 32765 I AnytouchRun: S2SMOKE record start target=com.android.settings
      | 09-23 04:43:06.432 32765 32765 I AnytouchRun: S2SMOKE event-meta viewClicked evt=android.widget.LinearLayout/Connected devices|Bluetooth, pairing/null src=android.widget.LinearLayout/null/null id=null
      | 09-23 04:43:06.588 32765 32765 I AnytouchRun: S2SMOKE path by unique content(严档/事件拷贝): [0, 0, 0, 1, 0, 1, 0, 0, 0, 1] 窗口节点=51 cls=android.widget.LinearLayout texts=[Bluetooth, pairing, Connected devices]
      | 09-23 04:43:06.759 32765 32765 I AnytouchRun: S2SMOKE event-meta viewScrolled evt=androidx.recyclerview.widget.RecyclerView/null/null src=androidx.recyclerview.widget.RecyclerView/null/null id=com.android.settings:id/recycler_view
      | 09-23 04:43:06.762 32765 32765 W AnytouchRun: S2SMOKE capture note: viewScrolled 无位移证据 pkg=com.android.settings id=com.android.settings:id/recycler_view delta=0x0 pos=0x0 max=0x0（布局重排，不成步）
      | 09-23 04:43:09.599 32765 32765 I AnytouchRun: S2SMOKE event-meta viewClicked evt=android.widget.LinearLayout/Connection preferences|Bluetooth, Android Auto/null src=android.widget.LinearLayout/null/null id=null
      | 09-23 04:43:09.773 32765 32765 I AnytouchRun: S2SMOKE event-meta viewScrolled evt=androidx.recyclerview.widget.RecyclerView/null/null src=androidx.recyclerview.widget.RecyclerView/null/null id=com.android.settings:id/recycler_view
      | 09-23 04:43:09.797 32765 32765 W AnytouchRun: S2SMOKE capture note: viewScrolled 无位移证据 pkg=com.android.settings id=com.android.settings:id/recycler_view delta=0x0 pos=0x0 max=0x0（布局重排，不成步）
      | 09-23 04:43:12.646 32765 32765 I AnytouchRun: S2SMOKE event-meta viewClicked evt=android.widget.LinearLayout/Bluetooth/null src=android.widget.LinearLayout/null/null id=null
      | 09-23 04:43:12.747 32765 32765 I AnytouchRun: S2SMOKE content no-match(严档 kids=2/事件拷贝): want=[Bluetooth] 同cls节点=14 roots=1 near=[0] kids=1 texts=([Bluetooth, Use Bluetooth], [Bluetooth, Navigate up]) || [0, 0, 0, 0] kids=1 texts=([Bluetooth], [Bluetooth, Navigate up]) || [0, 0, 0, 1, 0] kids=2 texts=([Device name, Pair new device, Use Bluetooth, When Bluetooth is turned on, your device can communicate with other nearby Bluetooth devices., sdk_gphone64_x86_64], [])
      | 09-23 04:43:12.753 32765 32765 I AnytouchRun: S2SMOKE content no-match(宽档/事件拷贝): want=[Bluetooth] 同cls节点=14 roots=1 near=[0] kids=1 texts=([Bluetooth, Use Bluetooth], [Bluetooth, Navigate up]) || [0, 0, 0, 0] kids=1 texts=([Bluetooth], [Bluetooth, Navigate up]) || [0, 0, 0, 1, 0] kids=2 texts=([Device name, Pair new device, Use Bluetooth, When Bluetooth is turned on, your device can communicate with other nearby Bluetooth devices., sdk_gphone64_x86_64], [])
      | 09-23 04:43:12.757 32765 32765 W AnytouchRun: S2SMOKE path unprovable: src=android.widget.LinearLayout(null,null)kids=2pkg=com.android.settingstext=null evt=android.widget.LinearLayout/[Bluetooth]/null walkDepth=0 roots=android.widget.FrameLayout(null,null)kids=1pkg=com.android.settingstext=null
      | 09-23 04:43:12.758 32765 32765 I AnytouchRun: S2SMOKE clue=path source=android.widget.LinearLayout id=null titles=0 texts=0 descs=0
      | 09-23 04:43:12.793 32765 32765 I AnytouchRun: S2SMOKE path=chain-unanchored(仅作去抖/折叠键，回放定位走线索): [] id=null text=Bluetooth desc=null
      | 09-23 04:43:12.842 32765 32765 I AnytouchRun: S2SMOKE event-meta viewScrolled evt=androidx.recyclerview.widget.RecyclerView/null/null src=androidx.recyclerview.widget.RecyclerView/null/null id=com.android.settings:id/recycler_view
      | 09-23 04:43:12.850 32765 32765 W AnytouchRun: S2SMOKE capture note: viewScrolled 无位移证据 pkg=com.android.settings id=com.android.settings:id/recycler_view delta=0x0 pos=0x0 max=0x0（布局重排，不成步）
      | 09-23 04:43:15.836 32765 32765 I AnytouchRun: S2SMOKE event-meta viewClicked evt=android.widget.ImageButton/Navigate up/Navigate up src=null/null/null id=null
      | 09-23 04:43:15.952 32765 32765 I AnytouchRun: S2SMOKE content no-match(严档 kids=-1/事件拷贝): want=[Navigate up] 同cls节点=1 roots=1 near=[0, 0, 0, 0, 0, 0, 0] kids=0 texts=([], [Navigate up])
      | 09-23 04:43:15.954 32765 32765 I AnytouchRun: S2SMOKE content no-match(宽档/事件拷贝): want=[Navigate up] 同cls节点=1 roots=1 near=[0, 0, 0, 0, 0, 0, 0] kids=0 texts=([], [Navigate up])
      | 09-23 04:43:15.963 32765 32765 W AnytouchRun: S2SMOKE path unprovable: src=null evt=android.widget.ImageButton/[Navigate up]/Navigate up walkDepth=-1 roots=android.widget.FrameLayout(2623,null)kids=1pkg=com.android.settingstext=null
      | 09-23 04:43:19.140 32765 32765 I AnytouchRun: S2SMOKE event-meta viewClicked evt=android.widget.ImageButton/Navigate up/Navigate up src=null/null/null id=null
      | 09-23 04:43:19.237 32765 32765 I AnytouchRun: S2SMOKE content no-match(严档 kids=-1/事件拷贝): want=[Navigate up] 同cls节点=1 roots=1 near=[0, 0, 0, 0, 0, 0, 0] kids=0 texts=([], [Navigate up])
      | 09-23 04:43:19.243 32765 32765 I AnytouchRun: S2SMOKE content no-match(宽档/事件拷贝): want=[Navigate up] 同cls节点=1 roots=1 near=[0, 0, 0, 0, 0, 0, 0] kids=0 texts=([], [Navigate up])
      | 09-23 04:43:19.248 32765 32765 W AnytouchRun: S2SMOKE path unprovable: src=null evt=android.widget.ImageButton/[Navigate up]/Navigate up walkDepth=-1 roots=android.widget.FrameLayout(2622,null)kids=1pkg=com.android.settingstext=null
      | 09-23 04:43:22.607 32765 32765 I AnytouchRun: S2SMOKE event-meta viewClicked evt=android.widget.LinearLayout/Pair new device/null src=android.widget.LinearLayout/null/null id=null
      | 09-23 04:43:22.699 32765 32765 I AnytouchRun: S2SMOKE content no-match(严档 kids=2/句柄子树): want=[Pair new device] 同cls节点=10 roots=1 near=[0] kids=1 texts=([Pair new device], [Navigate up, Pair new device]) || [0, 0, 0, 0] kids=1 texts=([Pair new device], [Navigate up, Pair new device]) || [0, 0, 0, 1, 0] kids=1 texts=([Available devices, Device name, Phone's Bluetooth address: BB:BB:BB:00:00:01, sdk_gphone64_x86_64], [])
      | 09-23 04:43:22.708 32765 32765 I AnytouchRun: S2SMOKE content no-match(宽档/句柄子树): want=[Pair new device] 同cls节点=10 roots=1 near=[0] kids=1 texts=([Pair new device], [Navigate up, Pair new device]) || [0, 0, 0, 0] kids=1 texts=([Pair new device], [Navigate up, Pair new device]) || [0, 0, 0, 1, 0] kids=1 texts=([Available devices, Device name, Phone's Bluetooth address: BB:BB:BB:00:00:01, sdk_gphone64_x86_64], [])
      | 09-23 04:43:22.711 32765 32765 I AnytouchRun: S2SMOKE content no-match(严档 kids=2/事件拷贝): want=[Pair new device] 同cls节点=10 roots=1 near=[0] kids=1 texts=([Pair new device], [Navigate up, Pair new device]) || [0, 0, 0, 0] kids=1 texts=([Pair new device], [Navigate up, Pair new device]) || [0, 0, 0, 1, 0] kids=1 texts=([Available devices, Device name, Phone's Bluetooth address: BB:BB:BB:00:00:01, sdk_gphone64_x86_64], [])
      | 09-23 04:43:22.718 32765 32765 I AnytouchRun: S2SMOKE content no-match(宽档/事件拷贝): want=[Pair new device] 同cls节点=10 roots=1 near=[0] kids=1 texts=([Pair new device], [Navigate up, Pair new device]) || [0, 0, 0, 0] kids=1 texts=([Pair new device], [Navigate up, Pair new device]) || [0, 0, 0, 1, 0] kids=1 texts=([Available devices, Device name, Phone's Bluetooth address: BB:BB:BB:00:00:01, sdk_gphone64_x86_64], [])
      | 09-23 04:43:22.733 32765 32765 W AnytouchRun: S2SMOKE path unprovable: src=android.widget.LinearLayout(null,null)kids=2pkg=com.android.settingstext=null evt=android.widget.LinearLayout/[Pair new device]/null walkDepth=10 roots=android.widget.FrameLayout(null,null)kids=1pkg=com.android.settingstext=null
      | 09-23 04:43:22.800 32765 32765 I AnytouchRun: S2SMOKE path=chain-unanchored(仅作去抖/折叠键，回放定位走线索): [0, 0, 0, 1, 0, 0, 0, 0, 0, 1] id=null text=Pair new device desc=null
      | 09-23 04:43:22.850 32765 32765 I AnytouchRun: S2SMOKE event-meta viewScrolled evt=androidx.recyclerview.widget.RecyclerView/null/null src=androidx.recyclerview.widget.RecyclerView/null/null id=com.android.settings:id/recycler_view
      | 09-23 04:43:22.851 32765 32765 W AnytouchRun: S2SMOKE capture note: viewScrolled 无位移证据 pkg=com.android.settings id=com.android.settings:id/recycler_view delta=0x0 pos=0x0 max=0x0（布局重排，不成步）
      | 09-23 04:43:25.900 32765 32765 I AnytouchRun: S2SMOKE event-meta viewClicked evt=android.widget.ImageButton/Navigate up/Navigate up src=android.widget.ImageButton/null/Navigate up id=null
      | 09-23 04:43:25.970 32765 32765 I AnytouchRun: S2SMOKE path by unique content(严档/句柄子树): [0, 0, 0, 0, 0, 0, 0] 窗口节点=40 cls=android.widget.ImageButton texts=[]
      | 09-23 04:43:29.488 32765 32765 I AnytouchRun: S2SMOKE event-meta viewClicked evt=android.widget.ImageButton/Navigate up/Navigate up src=null/null/null id=null
      | 09-23 04:43:29.770 32765 32765 I AnytouchRun: S2SMOKE content no-match(严档 kids=-1/事件拷贝): want=[Navigate up] 同cls节点=2 roots=2 near=[0, 0, 0, 0, 0, 0, 2, 0, 0, 0] kids=0 texts=([], []) || [0, 0, 0, 0, 0, 0, 2, 0, 0, 0] kids=0 texts=([], [])
      | 09-23 04:43:29.775 32765 32765 I AnytouchRun: S2SMOKE content no-match(宽档/事件拷贝): want=[Navigate up] 同cls节点=2 roots=2 near=[0, 0, 0, 0, 0, 0, 2, 0, 0, 0] kids=0 texts=([], []) || [0, 0, 0, 0, 0, 0, 2, 0, 0, 0] kids=0 texts=([], [])
      | 09-23 04:43:29.775 32765 32765 W AnytouchRun: S2SMOKE path unprovable: src=null evt=android.widget.ImageButton/[Navigate up]/Navigate up walkDepth=-1 roots=android.widget.FrameLayout(2621,null)kids=2pkg=com.android.settingstext=null | android.widget.FrameLayout(2621,null)kids=2pkg=com.android.settingstext=null
      | 09-23 04:43:30.040 32765 32765 I AnytouchRun: S2SMOKE clue=event-desc(转场后活树无证据，事件 desc 字段直读): word=Navigate up
      | 09-23 04:43:32.147 32765 32765 I AnytouchRun: S2SMOKE compiled ok actions=8 drops=0 merged=0 events=20 target=com.android.settings
      | 09-23 04:43:32.147 32765 32765 I AnytouchRun: S2SMOKE-STEP index=0 type=click value={"text":"Connected devices"}
      | 09-23 04:43:32.147 32765 32765 I AnytouchRun: S2SMOKE-STEP index=1 type=click value={"text":"Connection preferences"}
      | 09-23 04:43:32.147 32765 32765 I AnytouchRun: S2SMOKE-STEP index=2 type=click value={"text":"Bluetooth"}
      | 09-23 04:43:32.147 32765 32765 I AnytouchRun: S2SMOKE-STEP index=3 type=click value={"content_desc":"Navigate up"}
      | 09-23 04:43:32.149 32765 32765 I AnytouchRun: S2SMOKE-STEP index=4 type=click value={"content_desc":"Navigate up"}
      | 09-23 04:43:32.150 32765 32765 I AnytouchRun: S2SMOKE-STEP index=5 type=click value={"text":"Pair new device"}
      | 09-23 04:43:32.152 32765 32765 I AnytouchRun: S2SMOKE-STEP index=6 type=click value={"content_desc":"Navigate up"}
      | 09-23 04:43:32.153 32765 32765 I AnytouchRun: S2SMOKE-STEP index=7 type=click value={"content_desc":"Navigate up"}
      | 09-23 04:43:32.153 32765 32765 I AnytouchRun: S2SMOKE-TASK [{"action_id":"rec-0003","type":"click","target":null,"value":{"text":"Connected devices"},"source":"node","safety":{"viewport_ok":true,"click_enabled":true,"requires_transition":false}},{"action_id":"rec-0005","type":"click","target":null,"value":{"text":"Connection preferences"},"source":"node","safety":{"viewport_ok":true,"click_enabled":true,"requires_transition":false}},{"action_id":"rec-0007","type":"click","target":null,"value":{"text":"Bluetooth"},"source":"node","safety":{"viewport_ok":true,"click_enabled":true,"requires_transition":false}},{"action_id":"rec-0009","type":"click","target":null,"value":{"content_desc":"Navigate up"},"source":"node","safety":{"viewport_ok":true,"click_enabled":true,"requires_transition":false}},{"action_id":"rec-0011","type":"click","target":null,"value":{"content_desc":"Navigate up"},"source":"node","safety":{"viewport_ok":true,"click_enabled":true,"requires_transition":false}},{"action_id":"rec-0013","type":"click","target":null,"value":{"text":"Pair new device"},"source":"node","safety":{"viewport_ok":true,"click_enabled":true,"requires_transition":false}},{"action_id":"rec-0015","type":"click","target":null,"value":{"content_desc":"Navigate up"},"source":"node","safety":{"viewport_ok":true,"click_enabled":true,"requires_transition":false}},{"action_id":"rec-0017","type":"click","target":null,"value":{"content_desc":"Navigate up"},"source":"node","safety":{"viewport_ok":true,"click_enabled":true,"requires_transition":false}}]
[0;32mPASS[0m R5 录→编→放全绿 :: 09-23 04:43:48.106 32765 32765 I AnytouchRun: S1SMOKE ok=8 total=8 stopped=false stop=-
[0;33m··[0m ===== 第 6/10 轮：录 → 编 → 放（8 步） =====
[0;33m··[0m 预走坐标可复用：S2_COORDS='412 1090|343 1120|302 786|73 201|73 201|373 675|73 201|73 201'
[0;33m··[0m 编译产物：09-23 04:45:16.305 32765 32765 I AnytouchRun: S2SMOKE compiled ok actions=8 drops=0 merged=0 events=19 target=com.android.settings
     09-23 04:45:16.306 32765 32765 I AnytouchRun: S2SMOKE-STEP index=0 type=click value={"text":"Connected devices"}
     09-23 04:45:16.306 32765 32765 I AnytouchRun: S2SMOKE-STEP index=1 type=click value={"text":"Connection preferences"}
     09-23 04:45:16.306 32765 32765 I AnytouchRun: S2SMOKE-STEP index=2 type=click value={"text":"Bluetooth"}
     09-23 04:45:16.306 32765 32765 I AnytouchRun: S2SMOKE-STEP index=3 type=click value={"content_desc":"Navigate up"}
     09-23 04:45:16.306 32765 32765 I AnytouchRun: S2SMOKE-STEP index=4 type=click value={"content_desc":"Navigate up"}
     09-23 04:45:16.306 32765 32765 I AnytouchRun: S2SMOKE-STEP index=5 type=click value={"text":"Pair new device"}
     09-23 04:45:16.307 32765 32765 I AnytouchRun: S2SMOKE-STEP index=6 type=click value={"content_desc":"Navigate up"}
     09-23 04:45:16.307 32765 32765 I AnytouchRun: S2SMOKE-STEP index=7 type=click value={"content_desc":"Navigate up"}
      | 09-23 04:44:47.716 32765 32765 I AnytouchRun: S2SMOKE record start target=com.android.settings
      | 09-23 04:44:50.425 32765 32765 I AnytouchRun: S2SMOKE event-meta viewClicked evt=android.widget.LinearLayout/Connected devices|Bluetooth, pairing/null src=android.widget.LinearLayout/null/null id=null
      | 09-23 04:44:50.436 32765 32765 I AnytouchRun: S2SMOKE clue=path source=android.widget.LinearLayout id=null titles=0 texts=0 descs=0
      | 09-23 04:44:50.715 32765 32765 I AnytouchRun: S2SMOKE clue=event-copy 转场重扫第 1 次落定: word=Connected devices 字段=text
      | 09-23 04:44:50.715 32765 32765 I AnytouchRun: S2SMOKE clue=event-copy(窗口唯一，替代脆 path=[0, 0, 0, 1, 0, 1, 0, 0, 0, 1]): text=Connected devices desc=null
      | 09-23 04:44:50.774 32765 32765 I AnytouchRun: S2SMOKE event-meta viewScrolled evt=androidx.recyclerview.widget.RecyclerView/null/null src=androidx.recyclerview.widget.RecyclerView/null/null id=com.android.settings:id/recycler_view
      | 09-23 04:44:50.782 32765 32765 W AnytouchRun: S2SMOKE capture note: viewScrolled 无位移证据 pkg=com.android.settings id=com.android.settings:id/recycler_view delta=0x0 pos=0x0 max=0x0（布局重排，不成步）
      | 09-23 04:44:53.622 32765 32765 I AnytouchRun: S2SMOKE event-meta viewClicked evt=android.widget.LinearLayout/Connection preferences|Bluetooth, Android Auto/null src=android.widget.LinearLayout/null/null id=null
      | 09-23 04:44:53.673 32765 32765 I AnytouchRun: S2SMOKE path by unique content(严档/事件拷贝): [0, 0, 0, 1, 0, 0, 0, 0, 0, 4] 窗口节点=40 cls=android.widget.LinearLayout texts=[Bluetooth, Android Auto, Connection preferences]
      | 09-23 04:44:53.825 32765 32765 I AnytouchRun: S2SMOKE event-meta viewScrolled evt=androidx.recyclerview.widget.RecyclerView/null/null src=androidx.recyclerview.widget.RecyclerView/null/null id=com.android.settings:id/recycler_view
      | 09-23 04:44:53.853 32765 32765 W AnytouchRun: S2SMOKE capture note: viewScrolled 无位移证据 pkg=com.android.settings id=com.android.settings:id/recycler_view delta=0x0 pos=0x0 max=0x0（布局重排，不成步）
      | 09-23 04:44:56.756 32765 32765 I AnytouchRun: S2SMOKE event-meta viewClicked evt=android.widget.LinearLayout/Bluetooth/null src=android.widget.LinearLayout/null/null id=null
      | 09-23 04:44:56.870 32765 32765 I AnytouchRun: S2SMOKE content no-match(严档 kids=2/句柄子树): want=[Bluetooth] 同cls节点=14 roots=1 near=[0] kids=1 texts=([Bluetooth, Use Bluetooth], [Bluetooth, Navigate up]) || [0, 0, 0, 0] kids=1 texts=([Bluetooth], [Bluetooth, Navigate up]) || [0, 0, 0, 1, 0] kids=2 texts=([Device name, Pair new device, Use Bluetooth, When Bluetooth is turned on, your device can communicate with other nearby Bluetooth devices., sdk_gphone64_x86_64], [])
      | 09-23 04:44:56.878 32765 32765 I AnytouchRun: S2SMOKE content no-match(宽档/句柄子树): want=[Bluetooth] 同cls节点=14 roots=1 near=[0] kids=1 texts=([Bluetooth, Use Bluetooth], [Bluetooth, Navigate up]) || [0, 0, 0, 0] kids=1 texts=([Bluetooth], [Bluetooth, Navigate up]) || [0, 0, 0, 1, 0] kids=2 texts=([Device name, Pair new device, Use Bluetooth, When Bluetooth is turned on, your device can communicate with other nearby Bluetooth devices., sdk_gphone64_x86_64], [])
      | 09-23 04:44:56.890 32765 32765 I AnytouchRun: S2SMOKE content no-match(严档 kids=2/事件拷贝): want=[Bluetooth] 同cls节点=14 roots=1 near=[0] kids=1 texts=([Bluetooth, Use Bluetooth], [Bluetooth, Navigate up]) || [0, 0, 0, 0] kids=1 texts=([Bluetooth], [Bluetooth, Navigate up]) || [0, 0, 0, 1, 0] kids=2 texts=([Device name, Pair new device, Use Bluetooth, When Bluetooth is turned on, your device can communicate with other nearby Bluetooth devices., sdk_gphone64_x86_64], [])
      | 09-23 04:44:56.895 32765 32765 I AnytouchRun: S2SMOKE content no-match(宽档/事件拷贝): want=[Bluetooth] 同cls节点=14 roots=1 near=[0] kids=1 texts=([Bluetooth, Use Bluetooth], [Bluetooth, Navigate up]) || [0, 0, 0, 0] kids=1 texts=([Bluetooth], [Bluetooth, Navigate up]) || [0, 0, 0, 1, 0] kids=2 texts=([Device name, Pair new device, Use Bluetooth, When Bluetooth is turned on, your device can communicate with other nearby Bluetooth devices., sdk_gphone64_x86_64], [])
      | 09-23 04:44:56.952 32765 32765 W AnytouchRun: S2SMOKE path unprovable: src=android.widget.LinearLayout(null,null)kids=2pkg=com.android.settingstext=null evt=android.widget.LinearLayout/[Bluetooth]/null walkDepth=10 roots=android.widget.FrameLayout(2653,null)kids=1pkg=com.android.settingstext=null
      | 09-23 04:44:56.967 32765 32765 I AnytouchRun: S2SMOKE path=chain-unanchored(仅作去抖/折叠键，回放定位走线索): [0, 0, 0, 1, 0, 0, 0, 0, 0, 0] id=null text=Bluetooth desc=null
      | 09-23 04:44:57.018 32765 32765 I AnytouchRun: S2SMOKE event-meta viewScrolled evt=androidx.recyclerview.widget.RecyclerView/null/null src=androidx.recyclerview.widget.RecyclerView/null/null id=com.android.settings:id/recycler_view
      | 09-23 04:44:57.074 32765 32765 W AnytouchRun: S2SMOKE capture note: viewScrolled 无位移证据 pkg=com.android.settings id=com.android.settings:id/recycler_view delta=0x0 pos=0x0 max=0x0（布局重排，不成步）
      | 09-23 04:44:59.939 32765 32765 I AnytouchRun: S2SMOKE event-meta viewClicked evt=android.widget.ImageButton/Navigate up/Navigate up src=null/null/null id=null
      | 09-23 04:45:00.051 32765 32765 I AnytouchRun: S2SMOKE content no-match(严档 kids=-1/事件拷贝): want=[Navigate up] 同cls节点=1 roots=1 near=[0, 0, 0, 0, 0, 0, 0] kids=0 texts=([], [Navigate up])
      | 09-23 04:45:00.059 32765 32765 I AnytouchRun: S2SMOKE content no-match(宽档/事件拷贝): want=[Navigate up] 同cls节点=1 roots=1 near=[0, 0, 0, 0, 0, 0, 0] kids=0 texts=([], [Navigate up])
      | 09-23 04:45:00.063 32765 32765 W AnytouchRun: S2SMOKE path unprovable: src=null evt=android.widget.ImageButton/[Navigate up]/Navigate up walkDepth=-1 roots=android.widget.FrameLayout(2652,null)kids=1pkg=com.android.settingstext=null
      | 09-23 04:45:03.302 32765 32765 I AnytouchRun: S2SMOKE event-meta viewClicked evt=android.widget.ImageButton/Navigate up/Navigate up src=android.widget.ImageButton/null/Navigate up id=null
      | 09-23 04:45:03.398 32765 32765 I AnytouchRun: S2SMOKE path by unique content(严档/句柄子树): [0, 0, 0, 0, 0, 0, 0] 窗口节点=40 cls=android.widget.ImageButton texts=[]
      | 09-23 04:45:06.637 32765 32765 I AnytouchRun: S2SMOKE event-meta viewClicked evt=android.widget.LinearLayout/Pair new device/null src=android.widget.LinearLayout/null/null id=null
      | 09-23 04:45:06.717 32765 32765 I AnytouchRun: S2SMOKE content no-match(严档 kids=2/句柄子树): want=[Pair new device] 同cls节点=10 roots=1 near=[0] kids=1 texts=([Pair new device], [Navigate up, Pair new device]) || [0, 0, 0, 0] kids=1 texts=([Pair new device], [Navigate up, Pair new device]) || [0, 0, 0, 1, 0] kids=1 texts=([Available devices, Device name, Phone's Bluetooth address: BB:BB:BB:00:00:01, sdk_gphone64_x86_64], [])
      | 09-23 04:45:06.730 32765 32765 I AnytouchRun: S2SMOKE content no-match(宽档/句柄子树): want=[Pair new device] 同cls节点=10 roots=1 near=[0] kids=1 texts=([Pair new device], [Navigate up, Pair new device]) || [0, 0, 0, 0] kids=1 texts=([Pair new device], [Navigate up, Pair new device]) || [0, 0, 0, 1, 0] kids=1 texts=([Available devices, Device name, Phone's Bluetooth address: BB:BB:BB:00:00:01, sdk_gphone64_x86_64], [])
      | 09-23 04:45:06.735 32765 32765 I AnytouchRun: S2SMOKE content no-match(严档 kids=2/事件拷贝): want=[Pair new device] 同cls节点=10 roots=1 near=[0] kids=1 texts=([Pair new device], [Navigate up, Pair new device]) || [0, 0, 0, 0] kids=1 texts=([Pair new device], [Navigate up, Pair new device]) || [0, 0, 0, 1, 0] kids=1 texts=([Available devices, Device name, Phone's Bluetooth address: BB:BB:BB:00:00:01, sdk_gphone64_x86_64], [])
      | 09-23 04:45:06.768 32765 32765 I AnytouchRun: S2SMOKE content no-match(宽档/事件拷贝): want=[Pair new device] 同cls节点=10 roots=1 near=[0] kids=1 texts=([Pair new device], [Navigate up, Pair new device]) || [0, 0, 0, 0] kids=1 texts=([Pair new device], [Navigate up, Pair new device]) || [0, 0, 0, 1, 0] kids=1 texts=([Available devices, Device name, Phone's Bluetooth address: BB:BB:BB:00:00:01, sdk_gphone64_x86_64], [])
      | 09-23 04:45:06.786 32765 32765 W AnytouchRun: S2SMOKE path unprovable: src=android.widget.LinearLayout(null,null)kids=2pkg=com.android.settingstext=null evt=android.widget.LinearLayout/[Pair new device]/null walkDepth=10 roots=android.widget.FrameLayout(2654,null)kids=1pkg=com.android.settingstext=null
      | 09-23 04:45:06.829 32765 32765 I AnytouchRun: S2SMOKE path=chain-unanchored(仅作去抖/折叠键，回放定位走线索): [0, 0, 0, 1, 0, 0, 0, 0, 0, 1] id=null text=Pair new device desc=null
      | 09-23 04:45:06.885 32765 32765 I AnytouchRun: S2SMOKE event-meta viewScrolled evt=androidx.recyclerview.widget.RecyclerView/null/null src=androidx.recyclerview.widget.RecyclerView/null/null id=com.android.settings:id/recycler_view
      | 09-23 04:45:06.935 32765 32765 W AnytouchRun: S2SMOKE capture note: viewScrolled 无位移证据 pkg=com.android.settings id=com.android.settings:id/recycler_view delta=0x0 pos=0x0 max=0x0（布局重排，不成步）
      | 09-23 04:45:10.135 32765 32765 I AnytouchRun: S2SMOKE event-meta viewClicked evt=android.widget.ImageButton/Navigate up/Navigate up src=android.widget.ImageButton/null/Navigate up id=null
      | 09-23 04:45:10.248 32765 32765 I AnytouchRun: S2SMOKE path by unique content(严档/句柄子树): [0, 0, 0, 0, 0, 0, 0] 窗口节点=40 cls=android.widget.ImageButton texts=[]
      | 09-23 04:45:13.416 32765 32765 I AnytouchRun: S2SMOKE event-meta viewClicked evt=android.widget.ImageButton/Navigate up/Navigate up src=android.widget.ImageButton/null/Navigate up id=null
      | 09-23 04:45:13.916 32765 32765 I AnytouchRun: S2SMOKE content no-match(严档 kids=0/句柄子树): want=[] 同cls节点=1 roots=1 near=[0, 0, 0, 0, 0, 0, 2, 0, 0, 0] kids=0 texts=([], [])
      | 09-23 04:45:13.917 32765 32765 I AnytouchRun: S2SMOKE content no-match(宽档/句柄子树): want=[] 同cls节点=1 roots=1 near=[0, 0, 0, 0, 0, 0, 2, 0, 0, 0] kids=0 texts=([], [])
      | 09-23 04:45:13.919 32765 32765 I AnytouchRun: S2SMOKE content no-match(严档 kids=0/事件拷贝): want=[Navigate up] 同cls节点=1 roots=1 near=[0, 0, 0, 0, 0, 0, 2, 0, 0, 0] kids=0 texts=([], [])
      | 09-23 04:45:13.921 32765 32765 I AnytouchRun: S2SMOKE content no-match(宽档/事件拷贝): want=[Navigate up] 同cls节点=1 roots=1 near=[0, 0, 0, 0, 0, 0, 2, 0, 0, 0] kids=0 texts=([], [])
      | 09-23 04:45:13.927 32765 32765 W AnytouchRun: S2SMOKE path unprovable: src=android.widget.ImageButton(null,null)kids=0pkg=com.android.settingstext=null evt=android.widget.ImageButton/[Navigate up]/Navigate up walkDepth=7 roots=android.widget.FrameLayout(2650,null)kids=2pkg=com.android.settingstext=null
      | 09-23 04:45:13.961 32765 32765 I AnytouchRun: S2SMOKE path=chain-unanchored(仅作去抖/折叠键，回放定位走线索): [0, 0, 0, 0, 0, 0, 0] id=null text=null desc=Navigate up
      | 09-23 04:45:16.305 32765 32765 I AnytouchRun: S2SMOKE compiled ok actions=8 drops=0 merged=0 events=19 target=com.android.settings
      | 09-23 04:45:16.306 32765 32765 I AnytouchRun: S2SMOKE-STEP index=0 type=click value={"text":"Connected devices"}
      | 09-23 04:45:16.306 32765 32765 I AnytouchRun: S2SMOKE-STEP index=1 type=click value={"text":"Connection preferences"}
      | 09-23 04:45:16.306 32765 32765 I AnytouchRun: S2SMOKE-STEP index=2 type=click value={"text":"Bluetooth"}
      | 09-23 04:45:16.306 32765 32765 I AnytouchRun: S2SMOKE-STEP index=3 type=click value={"content_desc":"Navigate up"}
      | 09-23 04:45:16.306 32765 32765 I AnytouchRun: S2SMOKE-STEP index=4 type=click value={"content_desc":"Navigate up"}
      | 09-23 04:45:16.306 32765 32765 I AnytouchRun: S2SMOKE-STEP index=5 type=click value={"text":"Pair new device"}
      | 09-23 04:45:16.307 32765 32765 I AnytouchRun: S2SMOKE-STEP index=6 type=click value={"content_desc":"Navigate up"}
      | 09-23 04:45:16.307 32765 32765 I AnytouchRun: S2SMOKE-STEP index=7 type=click value={"content_desc":"Navigate up"}
      | 09-23 04:45:16.307 32765 32765 I AnytouchRun: S2SMOKE-TASK [{"action_id":"rec-0002","type":"click","target":null,"value":{"text":"Connected devices"},"source":"node","safety":{"viewport_ok":true,"click_enabled":true,"requires_transition":false}},{"action_id":"rec-0004","type":"click","target":null,"value":{"text":"Connection preferences"},"source":"node","safety":{"viewport_ok":true,"click_enabled":true,"requires_transition":false}},{"action_id":"rec-0006","type":"click","target":null,"value":{"text":"Bluetooth"},"source":"node","safety":{"viewport_ok":true,"click_enabled":true,"requires_transition":false}},{"action_id":"rec-0008","type":"click","target":null,"value":{"content_desc":"Navigate up"},"source":"node","safety":{"viewport_ok":true,"click_enabled":true,"requires_transition":false}},{"action_id":"rec-0010","type":"click","target":null,"value":{"content_desc":"Navigate up"},"source":"node","safety":{"viewport_ok":true,"click_enabled":true,"requires_transition":false}},{"action_id":"rec-0012","type":"click","target":null,"value":{"text":"Pair new device"},"source":"node","safety":{"viewport_ok":true,"click_enabled":true,"requires_transition":false}},{"action_id":"rec-0014","type":"click","target":null,"value":{"content_desc":"Navigate up"},"source":"node","safety":{"viewport_ok":true,"click_enabled":true,"requires_transition":false}},{"action_id":"rec-0016","type":"click","target":null,"value":{"content_desc":"Navigate up"},"source":"node","safety":{"viewport_ok":true,"click_enabled":true,"requires_transition":false}}]
[0;32mPASS[0m R6 录→编→放全绿 :: 09-23 04:45:32.060 32765 32765 I AnytouchRun: S1SMOKE ok=8 total=8 stopped=false stop=-
[0;33m··[0m ===== 第 7/10 轮：录 → 编 → 放（8 步） =====
[0;33m··[0m 预走坐标可复用：S2_COORDS='412 1090|343 1120|302 786|73 201|73 201|373 675|73 201|73 201'
[0;33m··[0m 编译产物：09-23 04:47:01.334 32765 32765 I AnytouchRun: S2SMOKE compiled ok actions=8 drops=0 merged=0 events=19 target=com.android.settings
     09-23 04:47:01.335 32765 32765 I AnytouchRun: S2SMOKE-STEP index=0 type=click value={"text":"Connected devices"}
     09-23 04:47:01.338 32765 32765 I AnytouchRun: S2SMOKE-STEP index=1 type=click value={"text":"Connection preferences"}
     09-23 04:47:01.338 32765 32765 I AnytouchRun: S2SMOKE-STEP index=2 type=click value={"text":"Bluetooth"}
     09-23 04:47:01.338 32765 32765 I AnytouchRun: S2SMOKE-STEP index=3 type=click value={"content_desc":"Navigate up"}
     09-23 04:47:01.338 32765 32765 I AnytouchRun: S2SMOKE-STEP index=4 type=click value={"content_desc":"Navigate up"}
     09-23 04:47:01.338 32765 32765 I AnytouchRun: S2SMOKE-STEP index=5 type=click value={"text":"Pair new device"}
     09-23 04:47:01.338 32765 32765 I AnytouchRun: S2SMOKE-STEP index=6 type=click value={"content_desc":"Navigate up"}
     09-23 04:47:01.339 32765 32765 I AnytouchRun: S2SMOKE-STEP index=7 type=click value={"content_desc":"Navigate up"}
      | 09-23 04:46:32.503 32765 32765 I AnytouchRun: S2SMOKE record start target=com.android.settings
      | 09-23 04:46:35.390 32765 32765 I AnytouchRun: S2SMOKE event-meta viewClicked evt=android.widget.LinearLayout/Connected devices|Bluetooth, pairing/null src=android.widget.LinearLayout/null/null id=null
      | 09-23 04:46:35.706 32765 32765 I AnytouchRun: S2SMOKE event-meta viewScrolled evt=androidx.recyclerview.widget.RecyclerView/null/null src=androidx.recyclerview.widget.RecyclerView/null/null id=com.android.settings:id/recycler_view
      | 09-23 04:46:35.707 32765 32765 W AnytouchRun: S2SMOKE capture note: viewScrolled 无位移证据 pkg=com.android.settings id=com.android.settings:id/recycler_view delta=0x0 pos=0x0 max=0x0（布局重排，不成步）
      | 09-23 04:46:38.455 32765 32765 I AnytouchRun: S2SMOKE event-meta viewClicked evt=android.widget.LinearLayout/Connection preferences|Bluetooth, Android Auto/null src=android.widget.LinearLayout/null/null id=null
      | 09-23 04:46:38.651 32765 32765 I AnytouchRun: S2SMOKE event-meta viewScrolled evt=androidx.recyclerview.widget.RecyclerView/null/null src=androidx.recyclerview.widget.RecyclerView/null/null id=com.android.settings:id/recycler_view
      | 09-23 04:46:38.669 32765 32765 W AnytouchRun: S2SMOKE capture note: viewScrolled 无位移证据 pkg=com.android.settings id=com.android.settings:id/recycler_view delta=0x0 pos=0x0 max=0x0（布局重排，不成步）
      | 09-23 04:46:41.637 32765 32765 I AnytouchRun: S2SMOKE event-meta viewClicked evt=android.widget.LinearLayout/Bluetooth/null src=android.widget.LinearLayout/null/null id=null
      | 09-23 04:46:41.736 32765 32765 I AnytouchRun: S2SMOKE content no-match(严档 kids=2/句柄子树): want=[Bluetooth] 同cls节点=14 roots=1 near=[0] kids=1 texts=([Bluetooth, Use Bluetooth], [Bluetooth, Navigate up]) || [0, 0, 0, 0] kids=1 texts=([Bluetooth], [Bluetooth, Navigate up]) || [0, 0, 0, 1, 0] kids=2 texts=([Device name, Pair new device, Use Bluetooth, When Bluetooth is turned on, your device can communicate with other nearby Bluetooth devices., sdk_gphone64_x86_64], [])
      | 09-23 04:46:41.741 32765 32765 I AnytouchRun: S2SMOKE content no-match(宽档/句柄子树): want=[Bluetooth] 同cls节点=14 roots=1 near=[0] kids=1 texts=([Bluetooth, Use Bluetooth], [Bluetooth, Navigate up]) || [0, 0, 0, 0] kids=1 texts=([Bluetooth], [Bluetooth, Navigate up]) || [0, 0, 0, 1, 0] kids=2 texts=([Device name, Pair new device, Use Bluetooth, When Bluetooth is turned on, your device can communicate with other nearby Bluetooth devices., sdk_gphone64_x86_64], [])
      | 09-23 04:46:41.771 32765 32765 I AnytouchRun: S2SMOKE content no-match(严档 kids=2/事件拷贝): want=[Bluetooth] 同cls节点=14 roots=1 near=[0] kids=1 texts=([Bluetooth, Use Bluetooth], [Bluetooth, Navigate up]) || [0, 0, 0, 0] kids=1 texts=([Bluetooth], [Bluetooth, Navigate up]) || [0, 0, 0, 1, 0] kids=2 texts=([Device name, Pair new device, Use Bluetooth, When Bluetooth is turned on, your device can communicate with other nearby Bluetooth devices., sdk_gphone64_x86_64], [])
      | 09-23 04:46:41.795 32765 32765 I AnytouchRun: S2SMOKE content no-match(宽档/事件拷贝): want=[Bluetooth] 同cls节点=14 roots=1 near=[0] kids=1 texts=([Bluetooth, Use Bluetooth], [Bluetooth, Navigate up]) || [0, 0, 0, 0] kids=1 texts=([Bluetooth], [Bluetooth, Navigate up]) || [0, 0, 0, 1, 0] kids=2 texts=([Device name, Pair new device, Use Bluetooth, When Bluetooth is turned on, your device can communicate with other nearby Bluetooth devices., sdk_gphone64_x86_64], [])
      | 09-23 04:46:41.809 32765 32765 W AnytouchRun: S2SMOKE path unprovable: src=android.widget.LinearLayout(null,null)kids=2pkg=com.android.settingstext=null evt=android.widget.LinearLayout/[Bluetooth]/null walkDepth=10 roots=android.widget.FrameLayout(2682,null)kids=1pkg=com.android.settingstext=null
      | 09-23 04:46:41.854 32765 32765 I AnytouchRun: S2SMOKE path=chain-unanchored(仅作去抖/折叠键，回放定位走线索): [0, 0, 0, 1, 0, 0, 0, 0, 0, 0] id=null text=Bluetooth desc=null
      | 09-23 04:46:41.926 32765 32765 I AnytouchRun: S2SMOKE event-meta viewScrolled evt=androidx.recyclerview.widget.RecyclerView/null/null src=androidx.recyclerview.widget.RecyclerView/null/null id=com.android.settings:id/recycler_view
      | 09-23 04:46:41.930 32765 32765 W AnytouchRun: S2SMOKE capture note: viewScrolled 无位移证据 pkg=com.android.settings id=com.android.settings:id/recycler_view delta=0x0 pos=0x0 max=0x0（布局重排，不成步）
      | 09-23 04:46:44.805 32765 32765 I AnytouchRun: S2SMOKE event-meta viewClicked evt=android.widget.ImageButton/Navigate up/Navigate up src=null/null/null id=null
      | 09-23 04:46:44.918 32765 32765 I AnytouchRun: S2SMOKE content no-match(严档 kids=-1/事件拷贝): want=[Navigate up] 同cls节点=1 roots=1 near=[0, 0, 0, 0, 0, 0, 0] kids=0 texts=([], [Navigate up])
      | 09-23 04:46:44.921 32765 32765 I AnytouchRun: S2SMOKE content no-match(宽档/事件拷贝): want=[Navigate up] 同cls节点=1 roots=1 near=[0, 0, 0, 0, 0, 0, 0] kids=0 texts=([], [Navigate up])
      | 09-23 04:46:44.929 32765 32765 W AnytouchRun: S2SMOKE path unprovable: src=null evt=android.widget.ImageButton/[Navigate up]/Navigate up walkDepth=-1 roots=android.widget.FrameLayout(2681,null)kids=1pkg=com.android.settingstext=null
      | 09-23 04:46:48.169 32765 32765 I AnytouchRun: S2SMOKE event-meta viewClicked evt=android.widget.ImageButton/Navigate up/Navigate up src=android.widget.ImageButton/null/Navigate up id=null
      | 09-23 04:46:48.229 32765 32765 I AnytouchRun: S2SMOKE path by unique content(严档/句柄子树): [0, 0, 0, 0, 0, 0, 0] 窗口节点=40 cls=android.widget.ImageButton texts=[]
      | 09-23 04:46:51.559 32765 32765 I AnytouchRun: S2SMOKE event-meta viewClicked evt=android.widget.LinearLayout/Pair new device/null src=android.widget.LinearLayout/null/null id=null
      | 09-23 04:46:51.674 32765 32765 I AnytouchRun: S2SMOKE content no-match(严档 kids=2/句柄子树): want=[Pair new device] 同cls节点=10 roots=1 near=[0] kids=1 texts=([Pair new device], [Navigate up, Pair new device]) || [0, 0, 0, 0] kids=1 texts=([Pair new device], [Navigate up, Pair new device]) || [0, 0, 0, 1, 0] kids=1 texts=([Available devices, Device name, Phone's Bluetooth address: BB:BB:BB:00:00:01, sdk_gphone64_x86_64], [])
      | 09-23 04:46:51.684 32765 32765 I AnytouchRun: S2SMOKE content no-match(宽档/句柄子树): want=[Pair new device] 同cls节点=10 roots=1 near=[0] kids=1 texts=([Pair new device], [Navigate up, Pair new device]) || [0, 0, 0, 0] kids=1 texts=([Pair new device], [Navigate up, Pair new device]) || [0, 0, 0, 1, 0] kids=1 texts=([Available devices, Device name, Phone's Bluetooth address: BB:BB:BB:00:00:01, sdk_gphone64_x86_64], [])
      | 09-23 04:46:51.701 32765 32765 I AnytouchRun: S2SMOKE content no-match(严档 kids=2/事件拷贝): want=[Pair new device] 同cls节点=10 roots=1 near=[0] kids=1 texts=([Pair new device], [Navigate up, Pair new device]) || [0, 0, 0, 0] kids=1 texts=([Pair new device], [Navigate up, Pair new device]) || [0, 0, 0, 1, 0] kids=1 texts=([Available devices, Device name, Phone's Bluetooth address: BB:BB:BB:00:00:01, sdk_gphone64_x86_64], [])
      | 09-23 04:46:51.704 32765 32765 I AnytouchRun: S2SMOKE content no-match(宽档/事件拷贝): want=[Pair new device] 同cls节点=10 roots=1 near=[0] kids=1 texts=([Pair new device], [Navigate up, Pair new device]) || [0, 0, 0, 0] kids=1 texts=([Pair new device], [Navigate up, Pair new device]) || [0, 0, 0, 1, 0] kids=1 texts=([Available devices, Device name, Phone's Bluetooth address: BB:BB:BB:00:00:01, sdk_gphone64_x86_64], [])
      | 09-23 04:46:51.729 32765 32765 W AnytouchRun: S2SMOKE path unprovable: src=android.widget.LinearLayout(null,null)kids=2pkg=com.android.settingstext=null evt=android.widget.LinearLayout/[Pair new device]/null walkDepth=10 roots=android.widget.FrameLayout(null,null)kids=1pkg=com.android.settingstext=null
      | 09-23 04:46:51.794 32765 32765 I AnytouchRun: S2SMOKE path=chain-unanchored(仅作去抖/折叠键，回放定位走线索): [0, 0, 0, 1, 0, 0, 0, 0, 0, 1] id=null text=Pair new device desc=null
      | 09-23 04:46:51.843 32765 32765 I AnytouchRun: S2SMOKE event-meta viewScrolled evt=androidx.recyclerview.widget.RecyclerView/null/null src=androidx.recyclerview.widget.RecyclerView/null/null id=com.android.settings:id/recycler_view
      | 09-23 04:46:51.845 32765 32765 W AnytouchRun: S2SMOKE capture note: viewScrolled 无位移证据 pkg=com.android.settings id=com.android.settings:id/recycler_view delta=0x0 pos=0x0 max=0x0（布局重排，不成步）
      | 09-23 04:46:55.200 32765 32765 I AnytouchRun: S2SMOKE event-meta viewClicked evt=android.widget.ImageButton/Navigate up/Navigate up src=android.widget.ImageButton/null/Navigate up id=null
      | 09-23 04:46:55.314 32765 32765 I AnytouchRun: S2SMOKE path by unique content(严档/句柄子树): [0, 0, 0, 0, 0, 0, 0] 窗口节点=40 cls=android.widget.ImageButton texts=[]
      | 09-23 04:46:58.629 32765 32765 I AnytouchRun: S2SMOKE event-meta viewClicked evt=android.widget.ImageButton/Navigate up/Navigate up src=android.widget.ImageButton/null/Navigate up id=null
      | 09-23 04:46:59.085 32765 32765 I AnytouchRun: S2SMOKE content no-match(严档 kids=0/句柄子树): want=[] 同cls节点=2 roots=2 near=[0, 0, 0, 0, 0, 0, 2, 0, 0, 0] kids=0 texts=([], []) || [0, 0, 0, 0, 0, 0, 2, 0, 0, 0] kids=0 texts=([], [])
      | 09-23 04:46:59.091 32765 32765 I AnytouchRun: S2SMOKE content no-match(宽档/句柄子树): want=[] 同cls节点=2 roots=2 near=[0, 0, 0, 0, 0, 0, 2, 0, 0, 0] kids=0 texts=([], []) || [0, 0, 0, 0, 0, 0, 2, 0, 0, 0] kids=0 texts=([], [])
      | 09-23 04:46:59.098 32765 32765 I AnytouchRun: S2SMOKE content no-match(严档 kids=0/事件拷贝): want=[Navigate up] 同cls节点=2 roots=2 near=[0, 0, 0, 0, 0, 0, 2, 0, 0, 0] kids=0 texts=([], []) || [0, 0, 0, 0, 0, 0, 2, 0, 0, 0] kids=0 texts=([], [])
      | 09-23 04:46:59.105 32765 32765 I AnytouchRun: S2SMOKE content no-match(宽档/事件拷贝): want=[Navigate up] 同cls节点=2 roots=2 near=[0, 0, 0, 0, 0, 0, 2, 0, 0, 0] kids=0 texts=([], []) || [0, 0, 0, 0, 0, 0, 2, 0, 0, 0] kids=0 texts=([], [])
      | 09-23 04:46:59.108 32765 32765 W AnytouchRun: S2SMOKE path unprovable: src=android.widget.ImageButton(null,null)kids=0pkg=com.android.settingstext=null evt=android.widget.ImageButton/[Navigate up]/Navigate up walkDepth=7 roots=android.widget.FrameLayout(2679,null)kids=2pkg=com.android.settingstext=null | android.widget.FrameLayout(2679,null)kids=2pkg=com.android.settingstext=null
      | 09-23 04:46:59.117 32765 32765 I AnytouchRun: S2SMOKE path=chain-unanchored(仅作去抖/折叠键，回放定位走线索): [0, 0, 0, 0, 0, 0, 0] id=null text=null desc=Navigate up
      | 09-23 04:47:01.334 32765 32765 I AnytouchRun: S2SMOKE compiled ok actions=8 drops=0 merged=0 events=19 target=com.android.settings
      | 09-23 04:47:01.335 32765 32765 I AnytouchRun: S2SMOKE-STEP index=0 type=click value={"text":"Connected devices"}
      | 09-23 04:47:01.338 32765 32765 I AnytouchRun: S2SMOKE-STEP index=1 type=click value={"text":"Connection preferences"}
      | 09-23 04:47:01.338 32765 32765 I AnytouchRun: S2SMOKE-STEP index=2 type=click value={"text":"Bluetooth"}
      | 09-23 04:47:01.338 32765 32765 I AnytouchRun: S2SMOKE-STEP index=3 type=click value={"content_desc":"Navigate up"}
      | 09-23 04:47:01.338 32765 32765 I AnytouchRun: S2SMOKE-STEP index=4 type=click value={"content_desc":"Navigate up"}
      | 09-23 04:47:01.338 32765 32765 I AnytouchRun: S2SMOKE-STEP index=5 type=click value={"text":"Pair new device"}
      | 09-23 04:47:01.338 32765 32765 I AnytouchRun: S2SMOKE-STEP index=6 type=click value={"content_desc":"Navigate up"}
      | 09-23 04:47:01.339 32765 32765 I AnytouchRun: S2SMOKE-STEP index=7 type=click value={"content_desc":"Navigate up"}
      | 09-23 04:47:01.339 32765 32765 I AnytouchRun: S2SMOKE-TASK [{"action_id":"rec-0003","type":"click","target":null,"value":{"text":"Connected devices"},"source":"node","safety":{"viewport_ok":true,"click_enabled":true,"requires_transition":false}},{"action_id":"rec-0005","type":"click","target":null,"value":{"text":"Connection preferences"},"source":"node","safety":{"viewport_ok":true,"click_enabled":true,"requires_transition":false}},{"action_id":"rec-0007","type":"click","target":null,"value":{"text":"Bluetooth"},"source":"node","safety":{"viewport_ok":true,"click_enabled":true,"requires_transition":false}},{"action_id":"rec-0009","type":"click","target":null,"value":{"content_desc":"Navigate up"},"source":"node","safety":{"viewport_ok":true,"click_enabled":true,"requires_transition":false}},{"action_id":"rec-0011","type":"click","target":null,"value":{"content_desc":"Navigate up"},"source":"node","safety":{"viewport_ok":true,"click_enabled":true,"requires_transition":false}},{"action_id":"rec-0013","type":"click","target":null,"value":{"text":"Pair new device"},"source":"node","safety":{"viewport_ok":true,"click_enabled":true,"requires_transition":false}},{"action_id":"rec-0015","type":"click","target":null,"value":{"content_desc":"Navigate up"},"source":"node","safety":{"viewport_ok":true,"click_enabled":true,"requires_transition":false}},{"action_id":"rec-0017","type":"click","target":null,"value":{"content_desc":"Navigate up"},"source":"node","safety":{"viewport_ok":true,"click_enabled":true,"requires_transition":false}}]
[0;32mPASS[0m R7 录→编→放全绿 :: 09-23 04:47:17.181 32765 32765 I AnytouchRun: S1SMOKE ok=8 total=8 stopped=false stop=-
[0;33m··[0m ===== 第 8/10 轮：录 → 编 → 放（8 步） =====
[0;33m··[0m 预走坐标可复用：S2_COORDS='412 1090|343 1120|302 786|73 201|73 201|373 675|73 201|73 201'
[0;33m··[0m 编译产物：09-23 04:48:45.767 32765 32765 I AnytouchRun: S2SMOKE compiled ok actions=8 drops=0 merged=0 events=18 target=com.android.settings
     09-23 04:48:45.767 32765 32765 I AnytouchRun: S2SMOKE-STEP index=0 type=click value={"text":"Connected devices"}
     09-23 04:48:45.770 32765 32765 I AnytouchRun: S2SMOKE-STEP index=1 type=click value={"text":"Connection preferences"}
     09-23 04:48:45.772 32765 32765 I AnytouchRun: S2SMOKE-STEP index=2 type=click value={"text":"Bluetooth"}
     09-23 04:48:45.773 32765 32765 I AnytouchRun: S2SMOKE-STEP index=3 type=click value={"content_desc":"Navigate up"}
     09-23 04:48:45.773 32765 32765 I AnytouchRun: S2SMOKE-STEP index=4 type=click value={"content_desc":"Navigate up"}
     09-23 04:48:45.774 32765 32765 I AnytouchRun: S2SMOKE-STEP index=5 type=click value={"text":"Pair new device"}
     09-23 04:48:45.774 32765 32765 I AnytouchRun: S2SMOKE-STEP index=6 type=click value={"content_desc":"Navigate up"}
     09-23 04:48:45.775 32765 32765 I AnytouchRun: S2SMOKE-STEP index=7 type=click value={"content_desc":"Navigate up"}
      | 09-23 04:48:17.233 32765 32765 I AnytouchRun: S2SMOKE record start target=com.android.settings
      | 09-23 04:48:19.975 32765 32765 I AnytouchRun: S2SMOKE event-meta viewClicked evt=android.widget.LinearLayout/Connected devices|Bluetooth, pairing/null src=android.widget.LinearLayout/null/null id=null
      | 09-23 04:48:20.265 32765 32765 I AnytouchRun: S2SMOKE event-meta viewScrolled evt=androidx.recyclerview.widget.RecyclerView/null/null src=androidx.recyclerview.widget.RecyclerView/null/null id=com.android.settings:id/recycler_view
      | 09-23 04:48:20.267 32765 32765 W AnytouchRun: S2SMOKE capture note: viewScrolled 无位移证据 pkg=com.android.settings id=com.android.settings:id/recycler_view delta=0x0 pos=0x0 max=0x0（布局重排，不成步）
      | 09-23 04:48:23.110 32765 32765 I AnytouchRun: S2SMOKE event-meta viewClicked evt=android.widget.LinearLayout/Connection preferences|Bluetooth, Android Auto/null src=android.widget.LinearLayout/null/null id=null
      | 09-23 04:48:23.340 32765 32765 I AnytouchRun: S2SMOKE event-meta viewScrolled evt=androidx.recyclerview.widget.RecyclerView/null/null src=androidx.recyclerview.widget.RecyclerView/null/null id=com.android.settings:id/recycler_view
      | 09-23 04:48:23.401 32765 32765 W AnytouchRun: S2SMOKE capture note: viewScrolled 无位移证据 pkg=com.android.settings id=com.android.settings:id/recycler_view delta=0x0 pos=0x0 max=0x0（布局重排，不成步）
      | 09-23 04:48:26.298 32765 32765 I AnytouchRun: S2SMOKE event-meta viewClicked evt=android.widget.LinearLayout/Bluetooth/null src=android.widget.LinearLayout/null/null id=null
      | 09-23 04:48:26.431 32765 32765 I AnytouchRun: S2SMOKE content no-match(严档 kids=2/句柄子树): want=[Bluetooth] 同cls节点=14 roots=1 near=[0] kids=1 texts=([Bluetooth, Use Bluetooth], [Bluetooth, Navigate up]) || [0, 0, 0, 0] kids=1 texts=([Bluetooth], [Bluetooth, Navigate up]) || [0, 0, 0, 1, 0] kids=2 texts=([Device name, Pair new device, Use Bluetooth, When Bluetooth is turned on, your device can communicate with other nearby Bluetooth devices., sdk_gphone64_x86_64], [])
      | 09-23 04:48:26.436 32765 32765 I AnytouchRun: S2SMOKE content no-match(宽档/句柄子树): want=[Bluetooth] 同cls节点=14 roots=1 near=[0] kids=1 texts=([Bluetooth, Use Bluetooth], [Bluetooth, Navigate up]) || [0, 0, 0, 0] kids=1 texts=([Bluetooth], [Bluetooth, Navigate up]) || [0, 0, 0, 1, 0] kids=2 texts=([Device name, Pair new device, Use Bluetooth, When Bluetooth is turned on, your device can communicate with other nearby Bluetooth devices., sdk_gphone64_x86_64], [])
      | 09-23 04:48:26.441 32765 32765 I AnytouchRun: S2SMOKE content no-match(严档 kids=2/事件拷贝): want=[Bluetooth] 同cls节点=14 roots=1 near=[0] kids=1 texts=([Bluetooth, Use Bluetooth], [Bluetooth, Navigate up]) || [0, 0, 0, 0] kids=1 texts=([Bluetooth], [Bluetooth, Navigate up]) || [0, 0, 0, 1, 0] kids=2 texts=([Device name, Pair new device, Use Bluetooth, When Bluetooth is turned on, your device can communicate with other nearby Bluetooth devices., sdk_gphone64_x86_64], [])
      | 09-23 04:48:26.456 32765 32765 I AnytouchRun: S2SMOKE content no-match(宽档/事件拷贝): want=[Bluetooth] 同cls节点=14 roots=1 near=[0] kids=1 texts=([Bluetooth, Use Bluetooth], [Bluetooth, Navigate up]) || [0, 0, 0, 0] kids=1 texts=([Bluetooth], [Bluetooth, Navigate up]) || [0, 0, 0, 1, 0] kids=2 texts=([Device name, Pair new device, Use Bluetooth, When Bluetooth is turned on, your device can communicate with other nearby Bluetooth devices., sdk_gphone64_x86_64], [])
      | 09-23 04:48:26.462 32765 32765 W AnytouchRun: S2SMOKE path unprovable: src=android.widget.LinearLayout(null,null)kids=2pkg=com.android.settingstext=null evt=android.widget.LinearLayout/[Bluetooth]/null walkDepth=10 roots=android.widget.FrameLayout(null,null)kids=1pkg=com.android.settingstext=null
      | 09-23 04:48:26.479 32765 32765 I AnytouchRun: S2SMOKE path=chain-unanchored(仅作去抖/折叠键，回放定位走线索): [0, 0, 0, 1, 0, 0, 0, 0, 0, 0] id=null text=Bluetooth desc=null
      | 09-23 04:48:26.500 32765 32765 I AnytouchRun: S2SMOKE event-meta viewScrolled evt=androidx.recyclerview.widget.RecyclerView/null/null src=androidx.recyclerview.widget.RecyclerView/null/null id=com.android.settings:id/recycler_view
      | 09-23 04:48:26.532 32765 32765 W AnytouchRun: S2SMOKE capture note: viewScrolled 无位移证据 pkg=com.android.settings id=com.android.settings:id/recycler_view delta=0x0 pos=0x0 max=0x0（布局重排，不成步）
      | 09-23 04:48:29.438 32765 32765 I AnytouchRun: S2SMOKE event-meta viewClicked evt=android.widget.ImageButton/Navigate up/Navigate up src=android.widget.ImageButton/null/Navigate up id=null
      | 09-23 04:48:29.619 32765 32765 I AnytouchRun: S2SMOKE path by unique content(严档/句柄子树): [0, 0, 0, 0, 0, 0, 0] 窗口节点=52 cls=android.widget.ImageButton texts=[]
      | 09-23 04:48:32.691 32765 32765 I AnytouchRun: S2SMOKE event-meta viewClicked evt=android.widget.ImageButton/Navigate up/Navigate up src=null/null/null id=null
      | 09-23 04:48:32.715 32765 32765 I AnytouchRun: S2SMOKE content no-match(严档 kids=-1/事件拷贝): want=[Navigate up] 同cls节点=1 roots=1 near=[0, 0, 0, 0, 0, 0, 0] kids=0 texts=([], [Navigate up])
      | 09-23 04:48:32.722 32765 32765 I AnytouchRun: S2SMOKE content no-match(宽档/事件拷贝): want=[Navigate up] 同cls节点=1 roots=1 near=[0, 0, 0, 0, 0, 0, 0] kids=0 texts=([], [Navigate up])
      | 09-23 04:48:32.748 32765 32765 W AnytouchRun: S2SMOKE path unprovable: src=null evt=android.widget.ImageButton/[Navigate up]/Navigate up walkDepth=-1 roots=android.widget.FrameLayout(2709,null)kids=1pkg=com.android.settingstext=null
      | 09-23 04:48:36.146 32765 32765 I AnytouchRun: S2SMOKE event-meta viewClicked evt=android.widget.LinearLayout/Pair new device/null src=android.widget.LinearLayout/null/null id=null
      | 09-23 04:48:36.216 32765 32765 I AnytouchRun: S2SMOKE content no-match(严档 kids=2/事件拷贝): want=[Pair new device] 同cls节点=10 roots=1 near=[0] kids=1 texts=([Pair new device], [Navigate up, Pair new device]) || [0, 0, 0, 0] kids=1 texts=([Pair new device], [Navigate up, Pair new device]) || [0, 0, 0, 1, 0] kids=1 texts=([Available devices, Device name, Phone's Bluetooth address: BB:BB:BB:00:00:01, sdk_gphone64_x86_64], [])
      | 09-23 04:48:36.225 32765 32765 I AnytouchRun: S2SMOKE content no-match(宽档/事件拷贝): want=[Pair new device] 同cls节点=10 roots=1 near=[0] kids=1 texts=([Pair new device], [Navigate up, Pair new device]) || [0, 0, 0, 0] kids=1 texts=([Pair new device], [Navigate up, Pair new device]) || [0, 0, 0, 1, 0] kids=1 texts=([Available devices, Device name, Phone's Bluetooth address: BB:BB:BB:00:00:01, sdk_gphone64_x86_64], [])
      | 09-23 04:48:36.229 32765 32765 W AnytouchRun: S2SMOKE path unprovable: src=android.widget.LinearLayout(null,null)kids=2pkg=com.android.settingstext=null evt=android.widget.LinearLayout/[Pair new device]/null walkDepth=0 roots=android.widget.FrameLayout(null,null)kids=1pkg=com.android.settingstext=null
      | 09-23 04:48:36.265 32765 32765 I AnytouchRun: S2SMOKE clue=path source=android.widget.LinearLayout id=null titles=0 texts=0 descs=0
      | 09-23 04:48:36.281 32765 32765 I AnytouchRun: S2SMOKE path=chain-unanchored(仅作去抖/折叠键，回放定位走线索): [] id=null text=Pair new device desc=null
      | 09-23 04:48:36.352 32765 32765 I AnytouchRun: S2SMOKE event-meta viewScrolled evt=androidx.recyclerview.widget.RecyclerView/null/null src=androidx.recyclerview.widget.RecyclerView/null/null id=com.android.settings:id/recycler_view
      | 09-23 04:48:36.360 32765 32765 W AnytouchRun: S2SMOKE capture note: viewScrolled 无位移证据 pkg=com.android.settings id=com.android.settings:id/recycler_view delta=0x0 pos=0x0 max=0x0（布局重排，不成步）
      | 09-23 04:48:39.543 32765 32765 I AnytouchRun: S2SMOKE event-meta viewClicked evt=android.widget.ImageButton/Navigate up/Navigate up src=android.widget.ImageButton/null/Navigate up id=null
      | 09-23 04:48:39.647 32765 32765 I AnytouchRun: S2SMOKE path by unique content(严档/句柄子树): [0, 0, 0, 0, 0, 0, 0] 窗口节点=40 cls=android.widget.ImageButton texts=[]
      | 09-23 04:48:42.997 32765 32765 I AnytouchRun: S2SMOKE event-meta viewClicked evt=android.widget.ImageButton/Navigate up/Navigate up src=android.widget.ImageButton/null/Navigate up id=null
      | 09-23 04:48:43.553 32765 32765 I AnytouchRun: S2SMOKE content no-match(严档 kids=0/句柄子树): want=[] 同cls节点=2 roots=2 near=[0, 0, 0, 0, 0, 0, 2, 0, 0, 0] kids=0 texts=([], []) || [0, 0, 0, 0, 0, 0, 2, 0, 0, 0] kids=0 texts=([], [])
      | 09-23 04:48:43.557 32765 32765 I AnytouchRun: S2SMOKE content no-match(宽档/句柄子树): want=[] 同cls节点=2 roots=2 near=[0, 0, 0, 0, 0, 0, 2, 0, 0, 0] kids=0 texts=([], []) || [0, 0, 0, 0, 0, 0, 2, 0, 0, 0] kids=0 texts=([], [])
      | 09-23 04:48:43.559 32765 32765 I AnytouchRun: S2SMOKE content no-match(严档 kids=0/事件拷贝): want=[Navigate up] 同cls节点=2 roots=2 near=[0, 0, 0, 0, 0, 0, 2, 0, 0, 0] kids=0 texts=([], []) || [0, 0, 0, 0, 0, 0, 2, 0, 0, 0] kids=0 texts=([], [])
      | 09-23 04:48:43.564 32765 32765 I AnytouchRun: S2SMOKE content no-match(宽档/事件拷贝): want=[Navigate up] 同cls节点=2 roots=2 near=[0, 0, 0, 0, 0, 0, 2, 0, 0, 0] kids=0 texts=([], []) || [0, 0, 0, 0, 0, 0, 2, 0, 0, 0] kids=0 texts=([], [])
      | 09-23 04:48:43.569 32765 32765 W AnytouchRun: S2SMOKE path unprovable: src=android.widget.ImageButton(null,null)kids=0pkg=com.android.settingstext=null evt=android.widget.ImageButton/[Navigate up]/Navigate up walkDepth=7 roots=android.widget.FrameLayout(2708,null)kids=2pkg=com.android.settingstext=null | android.widget.FrameLayout(2708,null)kids=2pkg=com.android.settingstext=null
      | 09-23 04:48:43.578 32765 32765 I AnytouchRun: S2SMOKE path=chain-unanchored(仅作去抖/折叠键，回放定位走线索): [0, 0, 0, 0, 0, 0, 0] id=null text=null desc=Navigate up
      | 09-23 04:48:45.767 32765 32765 I AnytouchRun: S2SMOKE compiled ok actions=8 drops=0 merged=0 events=18 target=com.android.settings
      | 09-23 04:48:45.767 32765 32765 I AnytouchRun: S2SMOKE-STEP index=0 type=click value={"text":"Connected devices"}
      | 09-23 04:48:45.770 32765 32765 I AnytouchRun: S2SMOKE-STEP index=1 type=click value={"text":"Connection preferences"}
      | 09-23 04:48:45.772 32765 32765 I AnytouchRun: S2SMOKE-STEP index=2 type=click value={"text":"Bluetooth"}
      | 09-23 04:48:45.773 32765 32765 I AnytouchRun: S2SMOKE-STEP index=3 type=click value={"content_desc":"Navigate up"}
      | 09-23 04:48:45.773 32765 32765 I AnytouchRun: S2SMOKE-STEP index=4 type=click value={"content_desc":"Navigate up"}
      | 09-23 04:48:45.774 32765 32765 I AnytouchRun: S2SMOKE-STEP index=5 type=click value={"text":"Pair new device"}
      | 09-23 04:48:45.774 32765 32765 I AnytouchRun: S2SMOKE-STEP index=6 type=click value={"content_desc":"Navigate up"}
      | 09-23 04:48:45.775 32765 32765 I AnytouchRun: S2SMOKE-STEP index=7 type=click value={"content_desc":"Navigate up"}
      | 09-23 04:48:45.775 32765 32765 I AnytouchRun: S2SMOKE-TASK [{"action_id":"rec-0002","type":"click","target":null,"value":{"text":"Connected devices"},"source":"node","safety":{"viewport_ok":true,"click_enabled":true,"requires_transition":false}},{"action_id":"rec-0004","type":"click","target":null,"value":{"text":"Connection preferences"},"source":"node","safety":{"viewport_ok":true,"click_enabled":true,"requires_transition":false}},{"action_id":"rec-0006","type":"click","target":null,"value":{"text":"Bluetooth"},"source":"node","safety":{"viewport_ok":true,"click_enabled":true,"requires_transition":false}},{"action_id":"rec-0008","type":"click","target":null,"value":{"content_desc":"Navigate up"},"source":"node","safety":{"viewport_ok":true,"click_enabled":true,"requires_transition":false}},{"action_id":"rec-0010","type":"click","target":null,"value":{"content_desc":"Navigate up"},"source":"node","safety":{"viewport_ok":true,"click_enabled":true,"requires_transition":false}},{"action_id":"rec-0012","type":"click","target":null,"value":{"text":"Pair new device"},"source":"node","safety":{"viewport_ok":true,"click_enabled":true,"requires_transition":false}},{"action_id":"rec-0014","type":"click","target":null,"value":{"content_desc":"Navigate up"},"source":"node","safety":{"viewport_ok":true,"click_enabled":true,"requires_transition":false}},{"action_id":"rec-0016","type":"click","target":null,"value":{"content_desc":"Navigate up"},"source":"node","safety":{"viewport_ok":true,"click_enabled":true,"requires_transition":false}}]
[0;32mPASS[0m R8 录→编→放全绿 :: 09-23 04:49:01.649 32765 32765 I AnytouchRun: S1SMOKE ok=8 total=8 stopped=false stop=-
[0;33m··[0m ===== 第 9/10 轮：录 → 编 → 放（8 步） =====
[0;33m··[0m 预走坐标可复用：S2_COORDS='412 1090|343 1120|302 786|73 201|73 201|373 675|73 201|73 201'
[0;33m··[0m 编译产物：09-23 04:50:31.186 32765 32765 I AnytouchRun: S2SMOKE compiled ok actions=8 drops=0 merged=0 events=19 target=com.android.settings
     09-23 04:50:31.187 32765 32765 I AnytouchRun: S2SMOKE-STEP index=0 type=click value={"text":"Connected devices"}
     09-23 04:50:31.192 32765 32765 I AnytouchRun: S2SMOKE-STEP index=1 type=click value={"text":"Connection preferences"}
     09-23 04:50:31.193 32765 32765 I AnytouchRun: S2SMOKE-STEP index=2 type=click value={"text":"Bluetooth"}
     09-23 04:50:31.193 32765 32765 I AnytouchRun: S2SMOKE-STEP index=3 type=click value={"content_desc":"Navigate up"}
     09-23 04:50:31.198 32765 32765 I AnytouchRun: S2SMOKE-STEP index=4 type=click value={"content_desc":"Navigate up"}
     09-23 04:50:31.199 32765 32765 I AnytouchRun: S2SMOKE-STEP index=5 type=click value={"text":"Pair new device"}
     09-23 04:50:31.200 32765 32765 I AnytouchRun: S2SMOKE-STEP index=6 type=click value={"content_desc":"Navigate up"}
     09-23 04:50:31.203 32765 32765 I AnytouchRun: S2SMOKE-STEP index=7 type=click value={"content_desc":"Navigate up"}
      | 09-23 04:50:02.461 32765 32765 I AnytouchRun: S2SMOKE record start target=com.android.settings
      | 09-23 04:50:05.334 32765 32765 I AnytouchRun: S2SMOKE event-meta viewClicked evt=android.widget.LinearLayout/Connected devices|Bluetooth, pairing/null src=android.widget.LinearLayout/null/null id=null
      | 09-23 04:50:05.347 32765 32765 I AnytouchRun: S2SMOKE clue=path source=android.widget.LinearLayout id=null titles=0 texts=0 descs=0
      | 09-23 04:50:05.536 32765 32765 I AnytouchRun: S2SMOKE clue=event-copy 转场重扫第 1 次落定: word=Connected devices 字段=text
      | 09-23 04:50:05.537 32765 32765 I AnytouchRun: S2SMOKE clue=event-copy(窗口唯一，替代脆 path=[0, 0, 0, 1, 0, 1, 0, 0, 0, 1]): text=Connected devices desc=null
      | 09-23 04:50:05.553 32765 32765 I AnytouchRun: S2SMOKE event-meta viewScrolled evt=androidx.recyclerview.widget.RecyclerView/null/null src=androidx.recyclerview.widget.RecyclerView/null/null id=com.android.settings:id/recycler_view
      | 09-23 04:50:05.573 32765 32765 W AnytouchRun: S2SMOKE capture note: viewScrolled 无位移证据 pkg=com.android.settings id=com.android.settings:id/recycler_view delta=0x0 pos=0x0 max=0x0（布局重排，不成步）
      | 09-23 04:50:08.394 32765 32765 I AnytouchRun: S2SMOKE event-meta viewClicked evt=android.widget.LinearLayout/Connection preferences|Bluetooth, Android Auto/null src=android.widget.LinearLayout/null/null id=null
      | 09-23 04:50:08.591 32765 32765 I AnytouchRun: S2SMOKE event-meta viewScrolled evt=androidx.recyclerview.widget.RecyclerView/null/null src=androidx.recyclerview.widget.RecyclerView/null/null id=com.android.settings:id/recycler_view
      | 09-23 04:50:08.616 32765 32765 W AnytouchRun: S2SMOKE capture note: viewScrolled 无位移证据 pkg=com.android.settings id=com.android.settings:id/recycler_view delta=0x0 pos=0x0 max=0x0（布局重排，不成步）
      | 09-23 04:50:11.537 32765 32765 I AnytouchRun: S2SMOKE event-meta viewClicked evt=android.widget.LinearLayout/Bluetooth/null src=android.widget.LinearLayout/null/null id=null
      | 09-23 04:50:11.754 32765 32765 I AnytouchRun: S2SMOKE content no-match(严档 kids=2/句柄子树): want=[Bluetooth] 同cls节点=14 roots=1 near=[0] kids=1 texts=([Bluetooth, Use Bluetooth], [Bluetooth, Navigate up]) || [0, 0, 0, 0] kids=1 texts=([Bluetooth], [Bluetooth, Navigate up]) || [0, 0, 0, 1, 0] kids=2 texts=([Device name, Pair new device, Use Bluetooth, When Bluetooth is turned on, your device can communicate with other nearby Bluetooth devices., sdk_gphone64_x86_64], [])
      | 09-23 04:50:11.763 32765 32765 I AnytouchRun: S2SMOKE content no-match(宽档/句柄子树): want=[Bluetooth] 同cls节点=14 roots=1 near=[0] kids=1 texts=([Bluetooth, Use Bluetooth], [Bluetooth, Navigate up]) || [0, 0, 0, 0] kids=1 texts=([Bluetooth], [Bluetooth, Navigate up]) || [0, 0, 0, 1, 0] kids=2 texts=([Device name, Pair new device, Use Bluetooth, When Bluetooth is turned on, your device can communicate with other nearby Bluetooth devices., sdk_gphone64_x86_64], [])
      | 09-23 04:50:11.765 32765 32765 I AnytouchRun: S2SMOKE content no-match(严档 kids=2/事件拷贝): want=[Bluetooth] 同cls节点=14 roots=1 near=[0] kids=1 texts=([Bluetooth, Use Bluetooth], [Bluetooth, Navigate up]) || [0, 0, 0, 0] kids=1 texts=([Bluetooth], [Bluetooth, Navigate up]) || [0, 0, 0, 1, 0] kids=2 texts=([Device name, Pair new device, Use Bluetooth, When Bluetooth is turned on, your device can communicate with other nearby Bluetooth devices., sdk_gphone64_x86_64], [])
      | 09-23 04:50:11.771 32765 32765 I AnytouchRun: S2SMOKE content no-match(宽档/事件拷贝): want=[Bluetooth] 同cls节点=14 roots=1 near=[0] kids=1 texts=([Bluetooth, Use Bluetooth], [Bluetooth, Navigate up]) || [0, 0, 0, 0] kids=1 texts=([Bluetooth], [Bluetooth, Navigate up]) || [0, 0, 0, 1, 0] kids=2 texts=([Device name, Pair new device, Use Bluetooth, When Bluetooth is turned on, your device can communicate with other nearby Bluetooth devices., sdk_gphone64_x86_64], [])
      | 09-23 04:50:11.796 32765 32765 W AnytouchRun: S2SMOKE path unprovable: src=android.widget.LinearLayout(null,null)kids=2pkg=com.android.settingstext=null evt=android.widget.LinearLayout/[Bluetooth]/null walkDepth=10 roots=android.widget.FrameLayout(2740,null)kids=1pkg=com.android.settingstext=null
      | 09-23 04:50:11.804 32765 32765 I AnytouchRun: S2SMOKE path=chain-unanchored(仅作去抖/折叠键，回放定位走线索): [0, 0, 0, 1, 0, 0, 0, 0, 0, 0] id=null text=Bluetooth desc=null
      | 09-23 04:50:11.833 32765 32765 I AnytouchRun: S2SMOKE event-meta viewScrolled evt=androidx.recyclerview.widget.RecyclerView/null/null src=androidx.recyclerview.widget.RecyclerView/null/null id=com.android.settings:id/recycler_view
      | 09-23 04:50:11.861 32765 32765 W AnytouchRun: S2SMOKE capture note: viewScrolled 无位移证据 pkg=com.android.settings id=com.android.settings:id/recycler_view delta=0x0 pos=0x0 max=0x0（布局重排，不成步）
      | 09-23 04:50:14.727 32765 32765 I AnytouchRun: S2SMOKE event-meta viewClicked evt=android.widget.ImageButton/Navigate up/Navigate up src=null/null/null id=null
      | 09-23 04:50:14.776 32765 32765 I AnytouchRun: S2SMOKE content no-match(严档 kids=-1/事件拷贝): want=[Navigate up] 同cls节点=1 roots=1 near=[0, 0, 0, 0, 0, 0, 0] kids=0 texts=([], [Navigate up])
      | 09-23 04:50:14.788 32765 32765 I AnytouchRun: S2SMOKE content no-match(宽档/事件拷贝): want=[Navigate up] 同cls节点=1 roots=1 near=[0, 0, 0, 0, 0, 0, 0] kids=0 texts=([], [Navigate up])
      | 09-23 04:50:14.789 32765 32765 W AnytouchRun: S2SMOKE path unprovable: src=null evt=android.widget.ImageButton/[Navigate up]/Navigate up walkDepth=-1 roots=android.widget.FrameLayout(null,null)kids=1pkg=com.android.settingstext=null
      | 09-23 04:50:18.179 32765 32765 I AnytouchRun: S2SMOKE event-meta viewClicked evt=android.widget.ImageButton/Navigate up/Navigate up src=android.widget.ImageButton/null/Navigate up id=null
      | 09-23 04:50:18.347 32765 32765 I AnytouchRun: S2SMOKE path by unique content(严档/句柄子树): [0, 0, 0, 0, 0, 0, 0] 窗口节点=40 cls=android.widget.ImageButton texts=[]
      | 09-23 04:50:21.583 32765 32765 I AnytouchRun: S2SMOKE event-meta viewClicked evt=android.widget.LinearLayout/Pair new device/null src=android.widget.LinearLayout/null/null id=null
      | 09-23 04:50:21.687 32765 32765 I AnytouchRun: S2SMOKE content no-match(严档 kids=2/句柄子树): want=[Pair new device] 同cls节点=10 roots=1 near=[0] kids=1 texts=([Pair new device], [Navigate up, Pair new device]) || [0, 0, 0, 0] kids=1 texts=([Pair new device], [Navigate up, Pair new device]) || [0, 0, 0, 1, 0] kids=1 texts=([Available devices, Device name, Phone's Bluetooth address: BB:BB:BB:00:00:01, sdk_gphone64_x86_64], [])
      | 09-23 04:50:21.694 32765 32765 I AnytouchRun: S2SMOKE content no-match(宽档/句柄子树): want=[Pair new device] 同cls节点=10 roots=1 near=[0] kids=1 texts=([Pair new device], [Navigate up, Pair new device]) || [0, 0, 0, 0] kids=1 texts=([Pair new device], [Navigate up, Pair new device]) || [0, 0, 0, 1, 0] kids=1 texts=([Available devices, Device name, Phone's Bluetooth address: BB:BB:BB:00:00:01, sdk_gphone64_x86_64], [])
      | 09-23 04:50:21.707 32765 32765 I AnytouchRun: S2SMOKE content no-match(严档 kids=2/事件拷贝): want=[Pair new device] 同cls节点=10 roots=1 near=[0] kids=1 texts=([Pair new device], [Navigate up, Pair new device]) || [0, 0, 0, 0] kids=1 texts=([Pair new device], [Navigate up, Pair new device]) || [0, 0, 0, 1, 0] kids=1 texts=([Available devices, Device name, Phone's Bluetooth address: BB:BB:BB:00:00:01, sdk_gphone64_x86_64], [])
      | 09-23 04:50:21.713 32765 32765 I AnytouchRun: S2SMOKE content no-match(宽档/事件拷贝): want=[Pair new device] 同cls节点=10 roots=1 near=[0] kids=1 texts=([Pair new device], [Navigate up, Pair new device]) || [0, 0, 0, 0] kids=1 texts=([Pair new device], [Navigate up, Pair new device]) || [0, 0, 0, 1, 0] kids=1 texts=([Available devices, Device name, Phone's Bluetooth address: BB:BB:BB:00:00:01, sdk_gphone64_x86_64], [])
      | 09-23 04:50:21.717 32765 32765 W AnytouchRun: S2SMOKE path unprovable: src=android.widget.LinearLayout(null,null)kids=2pkg=com.android.settingstext=null evt=android.widget.LinearLayout/[Pair new device]/null walkDepth=10 roots=android.widget.FrameLayout(2741,null)kids=1pkg=com.android.settingstext=null
      | 09-23 04:50:21.728 32765 32765 I AnytouchRun: S2SMOKE path=chain-unanchored(仅作去抖/折叠键，回放定位走线索): [0, 0, 0, 1, 0, 0, 0, 0, 0, 1] id=null text=Pair new device desc=null
      | 09-23 04:50:21.858 32765 32765 I AnytouchRun: S2SMOKE event-meta viewScrolled evt=androidx.recyclerview.widget.RecyclerView/null/null src=androidx.recyclerview.widget.RecyclerView/null/null id=com.android.settings:id/recycler_view
      | 09-23 04:50:21.900 32765 32765 W AnytouchRun: S2SMOKE capture note: viewScrolled 无位移证据 pkg=com.android.settings id=com.android.settings:id/recycler_view delta=0x0 pos=0x0 max=0x0（布局重排，不成步）
      | 09-23 04:50:24.954 32765 32765 I AnytouchRun: S2SMOKE event-meta viewClicked evt=android.widget.ImageButton/Navigate up/Navigate up src=android.widget.ImageButton/null/Navigate up id=null
      | 09-23 04:50:25.083 32765 32765 I AnytouchRun: S2SMOKE path by unique content(严档/句柄子树): [0, 0, 0, 0, 0, 0, 0] 窗口节点=40 cls=android.widget.ImageButton texts=[]
      | 09-23 04:50:28.454 32765 32765 I AnytouchRun: S2SMOKE event-meta viewClicked evt=android.widget.ImageButton/Navigate up/Navigate up src=android.widget.ImageButton/null/Navigate up id=null
      | 09-23 04:50:29.006 32765 32765 I AnytouchRun: S2SMOKE content no-match(严档 kids=0/句柄子树): want=[] 同cls节点=2 roots=2 near=[0, 0, 0, 0, 0, 0, 2, 0, 0, 0] kids=0 texts=([], []) || [0, 0, 0, 0, 0, 0, 2, 0, 0, 0] kids=0 texts=([], [])
      | 09-23 04:50:29.010 32765 32765 I AnytouchRun: S2SMOKE content no-match(宽档/句柄子树): want=[] 同cls节点=2 roots=2 near=[0, 0, 0, 0, 0, 0, 2, 0, 0, 0] kids=0 texts=([], []) || [0, 0, 0, 0, 0, 0, 2, 0, 0, 0] kids=0 texts=([], [])
      | 09-23 04:50:29.013 32765 32765 I AnytouchRun: S2SMOKE content no-match(严档 kids=0/事件拷贝): want=[Navigate up] 同cls节点=2 roots=2 near=[0, 0, 0, 0, 0, 0, 2, 0, 0, 0] kids=0 texts=([], []) || [0, 0, 0, 0, 0, 0, 2, 0, 0, 0] kids=0 texts=([], [])
      | 09-23 04:50:29.017 32765 32765 I AnytouchRun: S2SMOKE content no-match(宽档/事件拷贝): want=[Navigate up] 同cls节点=2 roots=2 near=[0, 0, 0, 0, 0, 0, 2, 0, 0, 0] kids=0 texts=([], []) || [0, 0, 0, 0, 0, 0, 2, 0, 0, 0] kids=0 texts=([], [])
      | 09-23 04:50:29.018 32765 32765 W AnytouchRun: S2SMOKE path unprovable: src=android.widget.ImageButton(null,null)kids=0pkg=com.android.settingstext=null evt=android.widget.ImageButton/[Navigate up]/Navigate up walkDepth=7 roots=android.widget.FrameLayout(2737,null)kids=2pkg=com.android.settingstext=null | android.widget.FrameLayout(2737,null)kids=2pkg=com.android.settingstext=null
      | 09-23 04:50:29.026 32765 32765 I AnytouchRun: S2SMOKE path=chain-unanchored(仅作去抖/折叠键，回放定位走线索): [0, 0, 0, 0, 0, 0, 0] id=null text=null desc=Navigate up
      | 09-23 04:50:31.186 32765 32765 I AnytouchRun: S2SMOKE compiled ok actions=8 drops=0 merged=0 events=19 target=com.android.settings
      | 09-23 04:50:31.187 32765 32765 I AnytouchRun: S2SMOKE-STEP index=0 type=click value={"text":"Connected devices"}
      | 09-23 04:50:31.192 32765 32765 I AnytouchRun: S2SMOKE-STEP index=1 type=click value={"text":"Connection preferences"}
      | 09-23 04:50:31.193 32765 32765 I AnytouchRun: S2SMOKE-STEP index=2 type=click value={"text":"Bluetooth"}
      | 09-23 04:50:31.193 32765 32765 I AnytouchRun: S2SMOKE-STEP index=3 type=click value={"content_desc":"Navigate up"}
      | 09-23 04:50:31.198 32765 32765 I AnytouchRun: S2SMOKE-STEP index=4 type=click value={"content_desc":"Navigate up"}
      | 09-23 04:50:31.199 32765 32765 I AnytouchRun: S2SMOKE-STEP index=5 type=click value={"text":"Pair new device"}
      | 09-23 04:50:31.200 32765 32765 I AnytouchRun: S2SMOKE-STEP index=6 type=click value={"content_desc":"Navigate up"}
      | 09-23 04:50:31.203 32765 32765 I AnytouchRun: S2SMOKE-STEP index=7 type=click value={"content_desc":"Navigate up"}
      | 09-23 04:50:31.206 32765 32765 I AnytouchRun: S2SMOKE-TASK [{"action_id":"rec-0002","type":"click","target":null,"value":{"text":"Connected devices"},"source":"node","safety":{"viewport_ok":true,"click_enabled":true,"requires_transition":false}},{"action_id":"rec-0004","type":"click","target":null,"value":{"text":"Connection preferences"},"source":"node","safety":{"viewport_ok":true,"click_enabled":true,"requires_transition":false}},{"action_id":"rec-0006","type":"click","target":null,"value":{"text":"Bluetooth"},"source":"node","safety":{"viewport_ok":true,"click_enabled":true,"requires_transition":false}},{"action_id":"rec-0008","type":"click","target":null,"value":{"content_desc":"Navigate up"},"source":"node","safety":{"viewport_ok":true,"click_enabled":true,"requires_transition":false}},{"action_id":"rec-0010","type":"click","target":null,"value":{"content_desc":"Navigate up"},"source":"node","safety":{"viewport_ok":true,"click_enabled":true,"requires_transition":false}},{"action_id":"rec-0012","type":"click","target":null,"value":{"text":"Pair new device"},"source":"node","safety":{"viewport_ok":true,"click_enabled":true,"requires_transition":false}},{"action_id":"rec-0014","type":"click","target":null,"value":{"content_desc":"Navigate up"},"source":"node","safety":{"viewport_ok":true,"click_enabled":true,"requires_transition":false}},{"action_id":"rec-0016","type":"click","target":null,"value":{"content_desc":"Navigate up"},"source":"node","safety":{"viewport_ok":true,"click_enabled":true,"requires_transition":false}}]
[0;32mPASS[0m R9 录→编→放全绿 :: 09-23 04:50:46.901 32765 32765 I AnytouchRun: S1SMOKE ok=8 total=8 stopped=false stop=-
[0;33m··[0m ===== 第 10/10 轮：录 → 编 → 放（8 步） =====
[0;33m··[0m 预走坐标可复用：S2_COORDS='412 1090|343 1120|302 786|73 201|73 201|373 675|73 201|73 201'
[0;33m··[0m 编译产物：09-23 04:52:16.750 32765 32765 I AnytouchRun: S2SMOKE compiled ok actions=8 drops=0 merged=0 events=19 target=com.android.settings
     09-23 04:52:16.750 32765 32765 I AnytouchRun: S2SMOKE-STEP index=0 type=click value={"text":"Connected devices"}
     09-23 04:52:16.751 32765 32765 I AnytouchRun: S2SMOKE-STEP index=1 type=click value={"text":"Connection preferences"}
     09-23 04:52:16.751 32765 32765 I AnytouchRun: S2SMOKE-STEP index=2 type=click value={"text":"Bluetooth"}
     09-23 04:52:16.751 32765 32765 I AnytouchRun: S2SMOKE-STEP index=3 type=click value={"content_desc":"Navigate up"}
     09-23 04:52:16.751 32765 32765 I AnytouchRun: S2SMOKE-STEP index=4 type=click value={"content_desc":"Navigate up"}
     09-23 04:52:16.753 32765 32765 I AnytouchRun: S2SMOKE-STEP index=5 type=click value={"text":"Pair new device"}
     09-23 04:52:16.753 32765 32765 I AnytouchRun: S2SMOKE-STEP index=6 type=click value={"content_desc":"Navigate up"}
     09-23 04:52:16.754 32765 32765 I AnytouchRun: S2SMOKE-STEP index=7 type=click value={"content_desc":"Navigate up"}
      | 09-23 04:51:47.843 32765 32765 I AnytouchRun: S2SMOKE record start target=com.android.settings
      | 09-23 04:51:51.031 32765 32765 I AnytouchRun: S2SMOKE event-meta viewClicked evt=android.widget.LinearLayout/Connected devices|Bluetooth, pairing/null src=android.widget.LinearLayout/null/null id=null
      | 09-23 04:51:51.352 32765 32765 I AnytouchRun: S2SMOKE event-meta viewScrolled evt=androidx.recyclerview.widget.RecyclerView/null/null src=androidx.recyclerview.widget.RecyclerView/null/null id=com.android.settings:id/recycler_view
      | 09-23 04:51:51.357 32765 32765 W AnytouchRun: S2SMOKE capture note: viewScrolled 无位移证据 pkg=com.android.settings id=com.android.settings:id/recycler_view delta=0x0 pos=0x0 max=0x0（布局重排，不成步）
      | 09-23 04:51:54.023 32765 32765 I AnytouchRun: S2SMOKE event-meta viewClicked evt=android.widget.LinearLayout/Connection preferences|Bluetooth, Android Auto/null src=android.widget.LinearLayout/null/null id=null
      | 09-23 04:51:54.077 32765 32765 I AnytouchRun: S2SMOKE content no-match(严档 kids=1/事件拷贝): want=[Bluetooth, Android Auto, Connection preferences] 同cls节点=0 roots=1 near=
      | 09-23 04:51:54.091 32765 32765 I AnytouchRun: S2SMOKE content no-match(宽档/事件拷贝): want=[Bluetooth, Android Auto, Connection preferences] 同cls节点=0 roots=1 near=
      | 09-23 04:51:54.095 32765 32765 W AnytouchRun: S2SMOKE path unprovable: src=android.widget.LinearLayout(null,null)kids=1pkg=com.android.settingstext=null evt=android.widget.LinearLayout/[Connection preferences, Bluetooth, Android Auto]/null walkDepth=0 roots=android.widget.FrameLayout(null,null)kids=1pkg=com.android.settingstext=null
      | 09-23 04:51:54.097 32765 32765 I AnytouchRun: S2SMOKE clue=path source=android.widget.LinearLayout id=null titles=0 texts=0 descs=0
      | 09-23 04:51:54.254 32765 32765 I AnytouchRun: S2SMOKE clue=event-copy 转场重扫第 1 次落定: word=Connection preferences 字段=text
      | 09-23 04:51:54.256 32765 32765 I AnytouchRun: S2SMOKE path=chain-unanchored(仅作去抖/折叠键，回放定位走线索): [] id=null text=Connection preferences desc=null
      | 09-23 04:51:54.277 32765 32765 I AnytouchRun: S2SMOKE event-meta viewScrolled evt=androidx.recyclerview.widget.RecyclerView/null/null src=androidx.recyclerview.widget.RecyclerView/null/null id=com.android.settings:id/recycler_view
      | 09-23 04:51:54.293 32765 32765 W AnytouchRun: S2SMOKE capture note: viewScrolled 无位移证据 pkg=com.android.settings id=com.android.settings:id/recycler_view delta=0x0 pos=0x0 max=0x0（布局重排，不成步）
      | 09-23 04:51:57.167 32765 32765 I AnytouchRun: S2SMOKE event-meta viewClicked evt=android.widget.LinearLayout/Bluetooth/null src=android.widget.LinearLayout/null/null id=null
      | 09-23 04:51:57.248 32765 32765 I AnytouchRun: S2SMOKE content no-match(严档 kids=2/句柄子树): want=[Bluetooth] 同cls节点=14 roots=1 near=[0] kids=1 texts=([Bluetooth, Use Bluetooth], [Bluetooth, Navigate up]) || [0, 0, 0, 0] kids=1 texts=([Bluetooth], [Bluetooth, Navigate up]) || [0, 0, 0, 1, 0] kids=2 texts=([Device name, Pair new device, Use Bluetooth, When Bluetooth is turned on, your device can communicate with other nearby Bluetooth devices., sdk_gphone64_x86_64], [])
      | 09-23 04:51:57.251 32765 32765 I AnytouchRun: S2SMOKE content no-match(宽档/句柄子树): want=[Bluetooth] 同cls节点=14 roots=1 near=[0] kids=1 texts=([Bluetooth, Use Bluetooth], [Bluetooth, Navigate up]) || [0, 0, 0, 0] kids=1 texts=([Bluetooth], [Bluetooth, Navigate up]) || [0, 0, 0, 1, 0] kids=2 texts=([Device name, Pair new device, Use Bluetooth, When Bluetooth is turned on, your device can communicate with other nearby Bluetooth devices., sdk_gphone64_x86_64], [])
      | 09-23 04:51:57.261 32765 32765 I AnytouchRun: S2SMOKE content no-match(严档 kids=2/事件拷贝): want=[Bluetooth] 同cls节点=14 roots=1 near=[0] kids=1 texts=([Bluetooth, Use Bluetooth], [Bluetooth, Navigate up]) || [0, 0, 0, 0] kids=1 texts=([Bluetooth], [Bluetooth, Navigate up]) || [0, 0, 0, 1, 0] kids=2 texts=([Device name, Pair new device, Use Bluetooth, When Bluetooth is turned on, your device can communicate with other nearby Bluetooth devices., sdk_gphone64_x86_64], [])
      | 09-23 04:51:57.269 32765 32765 I AnytouchRun: S2SMOKE content no-match(宽档/事件拷贝): want=[Bluetooth] 同cls节点=14 roots=1 near=[0] kids=1 texts=([Bluetooth, Use Bluetooth], [Bluetooth, Navigate up]) || [0, 0, 0, 0] kids=1 texts=([Bluetooth], [Bluetooth, Navigate up]) || [0, 0, 0, 1, 0] kids=2 texts=([Device name, Pair new device, Use Bluetooth, When Bluetooth is turned on, your device can communicate with other nearby Bluetooth devices., sdk_gphone64_x86_64], [])
      | 09-23 04:51:57.279 32765 32765 W AnytouchRun: S2SMOKE path unprovable: src=android.widget.LinearLayout(null,null)kids=2pkg=com.android.settingstext=null evt=android.widget.LinearLayout/[Bluetooth]/null walkDepth=10 roots=android.widget.FrameLayout(null,null)kids=1pkg=com.android.settingstext=null
      | 09-23 04:51:57.302 32765 32765 I AnytouchRun: S2SMOKE path=chain-unanchored(仅作去抖/折叠键，回放定位走线索): [0, 0, 0, 1, 0, 0, 0, 0, 0, 0] id=null text=Bluetooth desc=null
      | 09-23 04:51:57.317 32765 32765 I AnytouchRun: S2SMOKE event-meta viewScrolled evt=androidx.recyclerview.widget.RecyclerView/null/null src=androidx.recyclerview.widget.RecyclerView/null/null id=com.android.settings:id/recycler_view
      | 09-23 04:51:57.362 32765 32765 W AnytouchRun: S2SMOKE capture note: viewScrolled 无位移证据 pkg=com.android.settings id=com.android.settings:id/recycler_view delta=0x0 pos=0x0 max=0x0（布局重排，不成步）
      | 09-23 04:52:00.363 32765 32765 I AnytouchRun: S2SMOKE event-meta viewClicked evt=android.widget.ImageButton/Navigate up/Navigate up src=null/null/null id=null
      | 09-23 04:52:00.442 32765 32765 I AnytouchRun: S2SMOKE content no-match(严档 kids=-1/事件拷贝): want=[Navigate up] 同cls节点=1 roots=1 near=[0, 0, 0, 0, 0, 0, 0] kids=0 texts=([], [Navigate up])
      | 09-23 04:52:00.443 32765 32765 I AnytouchRun: S2SMOKE content no-match(宽档/事件拷贝): want=[Navigate up] 同cls节点=1 roots=1 near=[0, 0, 0, 0, 0, 0, 0] kids=0 texts=([], [Navigate up])
      | 09-23 04:52:00.449 32765 32765 W AnytouchRun: S2SMOKE path unprovable: src=null evt=android.widget.ImageButton/[Navigate up]/Navigate up walkDepth=-1 roots=android.widget.FrameLayout(2768,null)kids=1pkg=com.android.settingstext=null
      | 09-23 04:52:03.883 32765 32765 I AnytouchRun: S2SMOKE event-meta viewClicked evt=android.widget.ImageButton/Navigate up/Navigate up src=android.widget.ImageButton/null/Navigate up id=null
      | 09-23 04:52:03.942 32765 32765 I AnytouchRun: S2SMOKE path by unique content(严档/句柄子树): [0, 0, 0, 0, 0, 0, 0] 窗口节点=40 cls=android.widget.ImageButton texts=[]
      | 09-23 04:52:07.192 32765 32765 I AnytouchRun: S2SMOKE event-meta viewClicked evt=android.widget.LinearLayout/Pair new device/null src=android.widget.LinearLayout/null/null id=null
      | 09-23 04:52:07.323 32765 32765 I AnytouchRun: S2SMOKE content no-match(严档 kids=2/句柄子树): want=[Pair new device] 同cls节点=10 roots=1 near=[0] kids=1 texts=([Pair new device], [Navigate up, Pair new device]) || [0, 0, 0, 0] kids=1 texts=([Pair new device], [Navigate up, Pair new device]) || [0, 0, 0, 1, 0] kids=1 texts=([Available devices, Device name, Phone's Bluetooth address: BB:BB:BB:00:00:01, sdk_gphone64_x86_64], [])
      | 09-23 04:52:07.326 32765 32765 I AnytouchRun: S2SMOKE content no-match(宽档/句柄子树): want=[Pair new device] 同cls节点=10 roots=1 near=[0] kids=1 texts=([Pair new device], [Navigate up, Pair new device]) || [0, 0, 0, 0] kids=1 texts=([Pair new device], [Navigate up, Pair new device]) || [0, 0, 0, 1, 0] kids=1 texts=([Available devices, Device name, Phone's Bluetooth address: BB:BB:BB:00:00:01, sdk_gphone64_x86_64], [])
      | 09-23 04:52:07.329 32765 32765 I AnytouchRun: S2SMOKE content no-match(严档 kids=2/事件拷贝): want=[Pair new device] 同cls节点=10 roots=1 near=[0] kids=1 texts=([Pair new device], [Navigate up, Pair new device]) || [0, 0, 0, 0] kids=1 texts=([Pair new device], [Navigate up, Pair new device]) || [0, 0, 0, 1, 0] kids=1 texts=([Available devices, Device name, Phone's Bluetooth address: BB:BB:BB:00:00:01, sdk_gphone64_x86_64], [])
      | 09-23 04:52:07.332 32765 32765 I AnytouchRun: S2SMOKE content no-match(宽档/事件拷贝): want=[Pair new device] 同cls节点=10 roots=1 near=[0] kids=1 texts=([Pair new device], [Navigate up, Pair new device]) || [0, 0, 0, 0] kids=1 texts=([Pair new device], [Navigate up, Pair new device]) || [0, 0, 0, 1, 0] kids=1 texts=([Available devices, Device name, Phone's Bluetooth address: BB:BB:BB:00:00:01, sdk_gphone64_x86_64], [])
      | 09-23 04:52:07.345 32765 32765 W AnytouchRun: S2SMOKE path unprovable: src=android.widget.LinearLayout(null,null)kids=2pkg=com.android.settingstext=null evt=android.widget.LinearLayout/[Pair new device]/null walkDepth=10 roots=android.widget.FrameLayout(null,null)kids=1pkg=com.android.settingstext=null
      | 09-23 04:52:07.449 32765 32765 I AnytouchRun: S2SMOKE path=chain-unanchored(仅作去抖/折叠键，回放定位走线索): [0, 0, 0, 1, 0, 0, 0, 0, 0, 1] id=null text=Pair new device desc=null
      | 09-23 04:52:07.532 32765 32765 I AnytouchRun: S2SMOKE event-meta viewScrolled evt=androidx.recyclerview.widget.RecyclerView/null/null src=androidx.recyclerview.widget.RecyclerView/null/null id=com.android.settings:id/recycler_view
      | 09-23 04:52:07.533 32765 32765 W AnytouchRun: S2SMOKE capture note: viewScrolled 无位移证据 pkg=com.android.settings id=com.android.settings:id/recycler_view delta=0x0 pos=0x0 max=0x0（布局重排，不成步）
      | 09-23 04:52:10.536 32765 32765 I AnytouchRun: S2SMOKE event-meta viewClicked evt=android.widget.ImageButton/Navigate up/Navigate up src=android.widget.ImageButton/null/Navigate up id=null
      | 09-23 04:52:10.656 32765 32765 I AnytouchRun: S2SMOKE path by unique content(严档/句柄子树): [0, 0, 0, 0, 0, 0, 0] 窗口节点=40 cls=android.widget.ImageButton texts=[]
      | 09-23 04:52:14.085 32765 32765 I AnytouchRun: S2SMOKE event-meta viewClicked evt=android.widget.ImageButton/Navigate up/Navigate up src=android.widget.ImageButton/null/Navigate up id=null
      | 09-23 04:52:14.602 32765 32765 I AnytouchRun: S2SMOKE content no-match(严档 kids=0/句柄子树): want=[] 同cls节点=2 roots=2 near=[0, 0, 0, 0, 0, 0, 2, 0, 0, 0] kids=0 texts=([], []) || [0, 0, 0, 0, 0, 0, 2, 0, 0, 0] kids=0 texts=([], [])
      | 09-23 04:52:14.607 32765 32765 I AnytouchRun: S2SMOKE content no-match(宽档/句柄子树): want=[] 同cls节点=2 roots=2 near=[0, 0, 0, 0, 0, 0, 2, 0, 0, 0] kids=0 texts=([], []) || [0, 0, 0, 0, 0, 0, 2, 0, 0, 0] kids=0 texts=([], [])
      | 09-23 04:52:14.611 32765 32765 I AnytouchRun: S2SMOKE content no-match(严档 kids=0/事件拷贝): want=[Navigate up] 同cls节点=2 roots=2 near=[0, 0, 0, 0, 0, 0, 2, 0, 0, 0] kids=0 texts=([], []) || [0, 0, 0, 0, 0, 0, 2, 0, 0, 0] kids=0 texts=([], [])
      | 09-23 04:52:14.618 32765 32765 I AnytouchRun: S2SMOKE content no-match(宽档/事件拷贝): want=[Navigate up] 同cls节点=2 roots=2 near=[0, 0, 0, 0, 0, 0, 2, 0, 0, 0] kids=0 texts=([], []) || [0, 0, 0, 0, 0, 0, 2, 0, 0, 0] kids=0 texts=([], [])
      | 09-23 04:52:14.622 32765 32765 W AnytouchRun: S2SMOKE path unprovable: src=android.widget.ImageButton(null,null)kids=0pkg=com.android.settingstext=null evt=android.widget.ImageButton/[Navigate up]/Navigate up walkDepth=0 roots=android.widget.FrameLayout(2766,null)kids=2pkg=com.android.settingstext=null | android.widget.FrameLayout(2766,null)kids=2pkg=com.android.settingstext=null
      | 09-23 04:52:14.625 32765 32765 I AnytouchRun: S2SMOKE path=chain-unanchored(仅作去抖/折叠键，回放定位走线索): [] id=null text=null desc=Navigate up
      | 09-23 04:52:16.750 32765 32765 I AnytouchRun: S2SMOKE compiled ok actions=8 drops=0 merged=0 events=19 target=com.android.settings
      | 09-23 04:52:16.750 32765 32765 I AnytouchRun: S2SMOKE-STEP index=0 type=click value={"text":"Connected devices"}
      | 09-23 04:52:16.751 32765 32765 I AnytouchRun: S2SMOKE-STEP index=1 type=click value={"text":"Connection preferences"}
      | 09-23 04:52:16.751 32765 32765 I AnytouchRun: S2SMOKE-STEP index=2 type=click value={"text":"Bluetooth"}
      | 09-23 04:52:16.751 32765 32765 I AnytouchRun: S2SMOKE-STEP index=3 type=click value={"content_desc":"Navigate up"}
      | 09-23 04:52:16.751 32765 32765 I AnytouchRun: S2SMOKE-STEP index=4 type=click value={"content_desc":"Navigate up"}
      | 09-23 04:52:16.753 32765 32765 I AnytouchRun: S2SMOKE-STEP index=5 type=click value={"text":"Pair new device"}
      | 09-23 04:52:16.753 32765 32765 I AnytouchRun: S2SMOKE-STEP index=6 type=click value={"content_desc":"Navigate up"}
      | 09-23 04:52:16.754 32765 32765 I AnytouchRun: S2SMOKE-STEP index=7 type=click value={"content_desc":"Navigate up"}
      | 09-23 04:52:16.757 32765 32765 I AnytouchRun: S2SMOKE-TASK [{"action_id":"rec-0002","type":"click","target":null,"value":{"text":"Connected devices"},"source":"node","safety":{"viewport_ok":true,"click_enabled":true,"requires_transition":false}},{"action_id":"rec-0004","type":"click","target":null,"value":{"text":"Connection preferences"},"source":"node","safety":{"viewport_ok":true,"click_enabled":true,"requires_transition":false}},{"action_id":"rec-0006","type":"click","target":null,"value":{"text":"Bluetooth"},"source":"node","safety":{"viewport_ok":true,"click_enabled":true,"requires_transition":false}},{"action_id":"rec-0008","type":"click","target":null,"value":{"content_desc":"Navigate up"},"source":"node","safety":{"viewport_ok":true,"click_enabled":true,"requires_transition":false}},{"action_id":"rec-0010","type":"click","target":null,"value":{"content_desc":"Navigate up"},"source":"node","safety":{"viewport_ok":true,"click_enabled":true,"requires_transition":false}},{"action_id":"rec-0012","type":"click","target":null,"value":{"text":"Pair new device"},"source":"node","safety":{"viewport_ok":true,"click_enabled":true,"requires_transition":false}},{"action_id":"rec-0014","type":"click","target":null,"value":{"content_desc":"Navigate up"},"source":"node","safety":{"viewport_ok":true,"click_enabled":true,"requires_transition":false}},{"action_id":"rec-0016","type":"click","target":null,"value":{"content_desc":"Navigate up"},"source":"node","safety":{"viewport_ok":true,"click_enabled":true,"requires_transition":false}}]
[0;32mPASS[0m R10 录→编→放全绿 :: 09-23 04:52:32.860 32765 32765 I AnytouchRun: S1SMOKE ok=8 total=8 stopped=false stop=-

[0;31mFAIL[0m S2 闭环未达标：8/10 轮全绿（ratio=0.80 < 0.9）
